15300000,6448000,6448000,6448000,6448000,90
17040000,6455000,6455000,6455000,6455000,10
18000000,6455000,6455000,6455000,6455000,10
18600000,6455000,6455000,6455000,6455000,198
19200000,6455000,6455000,6455000,6455000,18
21780000,6455000,6455000,6454600,6454600,100
22560000,6455600,6455600,6455000,6455000,6
22800000,6454800,6454800,6454800,6454800,6
22860000,6455000,6456000,6455000,6456000,74
23640000,6456000,6456000,6456000,6456000,100
24540000,6456000,6456000,6456000,6456000,51
25200000,6457500,6457500,6457500,6457500,100
25260000,6457500,6457500,6457500,6457500,10
25320000,6457500,6459300,6457500,6457500,59
25380000,6458400,6458400,6458400,6458400,3
25500000,6458400,6459100,6458400,6459100,100
25740000,6460000,6460000,6460000,6460000,400
25800000,6460000,6465000,6460000,6465000,497
25860000,6463100,6465000,6463100,6465000,300
25920000,6465000,6465000,6465000,6465000,100
25980000,6464800,6464800,6464800,6464800,5
26100000,6464400,6464400,6463000,6463000,26
26160000,6464500,6464500,6463600,6463600,707
26220000,6463000,6466300,6463000,6466300,320
26280000,6466300,6467000,6466300,6467000,1025
26340000,6464600,6464600,6464600,6464600,75
26400000,6467100,6467100,6467000,6467000,646
26460000,6465200,6465200,6463000,6463000,874
26520000,6467000,6467000,6464400,6464400,200
26760000,6466400,6467000,6466400,6467000,854
26880000,6466200,6466200,6466200,6466200,30
27000000,6465000,6465000,6465000,6465000,500
27060000,6464000,6464000,6464000,6464000,1000
27120000,6464000,6464000,6456000,6456000,3146
27480000,6464000,6464000,6460000,6461000,1163
27540000,6461000,6461000,6461000,6461000,337
27600000,6461000,6461000,6460000,6461000,213
27660000,6462500,6462500,6462500,6462500,100
27720000,6465000,6465000,6465000,6465000,100
27840000,6465000,6465000,6465000,6465000,40
27900000,6465000,6465000,6455100,6455100,2300
27960000,6460000,6460000,6456500,6458000,220
28020000,6458000,6458300,6458000,6458300,110
28080000,6463400,6465000,6463400,6465000,1200
28140000,6464900,6468000,6464900,6466500,1116
28200000,6466500,6469000,6465300,6467900,851
28260000,6467000,6467500,6465000,6465000,700
28320000,6467400,6467400,6467400,6467400,100
28380000,6467400,6467400,6467400,6467400,30
28440000,6467700,6468000,6467700,6468000,150
28500000,6465300,6465300,6465100,6465100,100
28620000,6465000,6465600,6465000,6465600,186
28740000,6460700,6460700,6458500,6460000,1262
28800000,6456500,6464900,6456100,6461200,2868
28860000,6462500,6463700,6462500,6463700,560
28920000,6463700,6464200,6459600,6464200,175
28980000,6460400,6461200,6460200,6461100,280
29040000,6462000,6462000,6460000,6460000,334
29100000,6462000,6463400,6460000,6460000,692
29160000,6460300,6460700,6460000,6460700,28
29220000,6462900,6468500,6460000,6467000,5767
29280000,6467000,6467000,6465500,6465500,850
29340000,6467000,6467500,6465000,6465000,1052
29400000,6464700,6464700,6460000,6462500,3649
29460000,6461500,6462500,6461500,6462100,310
29520000,6462100,6463500,6460700,6463000,516
29580000,6463000,6463000,6463000,6463000,50
29640000,6461600,6463600,6461600,6461800,115
29700000,6463000,6463000,6462000,6462000,835
29760000,6461700,6461700,6461300,6461300,200
29820000,6462000,6465000,6462000,6464600,1370
29880000,6465500,6465500,6465500,6465500,50
29940000,6464400,6464400,6463800,6463800,513
30000000,6463800,6463800,6463800,6463800,23
30060000,6463800,6463800,6461100,6463700,68
30120000,6463700,6463700,6461100,6461100,65
30180000,6464200,6464400,6463800,6464400,604
30360000,6465000,6467700,6465000,6467700,385
30420000,6467500,6467500,6465700,6465700,728
30480000,6466800,6466800,6464400,6464400,806
30540000,6465300,6465800,6464400,6465800,323
30600000,6465800,6465800,6465800,6465800,5
30660000,6462200,6466900,6462100,6466900,1712
30720000,6466700,6467400,6465200,6467400,1426
30780000,6467300,6467300,6467300,6467300,96
30840000,6466500,6467200,6463000,6463000,1482
30900000,6464900,6467500,6464600,6467500,2550
30960000,6467500,6467900,6464900,6465000,3909
31020000,6463600,6467000,6463600,6466900,1045
31080000,6467500,6467500,6465000,6466500,943
31140000,6466400,6466400,6464900,6466400,1293
31200000,6465500,6466600,6465500,6466600,1519
31260000,6466600,6466700,6465500,6465600,1530
31320000,6466100,6466100,6465600,6465600,134
31380000,6466100,6466100,6464200,6464200,3721
31440000,6463100,6463900,6463100,6463900,231
31500000,6463900,6465600,6463900,6464400,777
31560000,6466600,6467400,6465000,6467300,1587
31620000,6467300,6467300,6466600,6466600,1756
31680000,6466700,6467400,6466000,6466600,1903
31740000,6466900,6466900,6466900,6466900,20
31800000,6466800,6467400,6466800,6467000,715
31860000,6467000,6467800,6467000,6467800,1805
31920000,6467800,6468300,6467300,6468000,476
31980000,6468000,6468000,6468000,6468000,200
32040000,6468000,6468000,6467800,6468000,260
32100000,6467000,6467000,6466600,6466600,205
32160000,6467500,6467700,6467100,6467500,390
32220000,6468000,6468000,6467700,6468000,506
32280000,6468300,6468300,6467500,6467500,533
32340000,6467500,6468300,6467500,6467500,425
32400000,6467400,6467900,6466100,6466100,445
32460000,6466700,6467100,6466700,6466700,290
32520000,6466700,6467800,6466200,6467800,990
32580000,6467800,6467800,6467000,6467000,105
32640000,6467500,6467500,6467500,6467500,100
32700000,6466500,6467000,6465000,6465000,4825
32760000,6465000,6466500,6463000,6463400,4676
32820000,6461800,6463000,6460300,6463000,1710
32880000,6463100,6463100,6460300,6462400,943
32940000,6462900,6462900,6460800,6460800,1253
33000000,6462300,6462300,6460200,6462000,2768
33060000,6460800,6462000,6460800,6461000,315
33120000,6460500,6461900,6460500,6461900,245
33180000,6460800,6461900,6460600,6461900,104
33240000,6462000,6462000,6460000,6460000,2619
33300000,6460000,6461400,6460000,6461400,2998
33360000,6460300,6462100,6460300,6462100,332
33480000,6461500,6461500,6461500,6461500,95
33540000,6461500,6462100,6461500,6462100,1783
33600000,6461400,6463000,6461400,6462900,1281
33660000,6463000,6464700,6462500,6464300,840
33720000,6464500,6465000,6463100,6463100,1759
33780000,6464300,6464900,6464300,6464900,640
33840000,6464900,6466800,6464400,6466000,556
33900000,6465200,6466500,6464900,6465000,310
33960000,6465000,6465500,6465000,6465500,407
34020000,6465900,6465900,6465000,6465000,400
34080000,6463900,6464400,6460000,6461000,3628
34140000,6461000,6463000,6461000,6461900,934
34200000,6463100,6469600,6457500,6462600,173902
34260000,6462600,6475500,6462600,6475100,68105
34320000,6474600,6487400,6474000,6486300,87391
34380000,6486300,6493600,6485700,6491400,66048
34440000,6491100,6493300,6488900,6490100,37717
34500000,6490100,6490800,6479100,6481600,61826
34560000,6480100,6488000,6479500,6485100,32406
34620000,6485400,6486300,6482900,6485200,32580
34680000,6485100,6490200,6482600,6486800,36443
34740000,6487600,6491000,6485900,6488500,35229
34800000,6487500,6488500,6478400,6479000,50035
34860000,6478800,6479100,6471000,6474300,54212
34920000,6474000,6474300,6466900,6467900,45549
34980000,6467900,6478900,6467300,6477900,37892
35040000,6477550,6478800,6475000,6476550,28692
35100000,6476500,6482900,6475300,6481300,31489
35160000,6481200,6486500,6478000,6486200,46419
35220000,6485900,6488500,6481400,6485200,48321
35280000,6485800,6486900,6482500,6486800,19963
35340000,6486700,6488500,6480000,6481200,38306
35400000,6481200,6484300,6480800,6482000,17190
35460000,6483100,6483100,6474600,6475400,38970
35520000,6476000,6477900,6474900,6475500,23250
35580000,6475500,6475800,6468500,6470900,26423
35640000,6471000,6475100,6464200,6466200,37204
35700000,6466200,6467400,6455510,6460000,67067
35760000,6460000,6463390,6453000,6453000,44493
35820000,6453400,6461600,6452600,6460500,34410
35880000,6460900,6467900,6460600,6467900,26479
35940000,6468000,6471600,6466400,6470500,62380
36000000,6470500,6475900,6465600,6468200,41505
36060000,6468800,6471900,6467600,6470300,14745
36120000,6471000,6472000,6462500,6465000,18642
36180000,6466000,6468200,6462500,6462500,17773
36240000,6463500,6466000,6453400,6454900,33109
36300000,6454900,6457000,6453600,6456900,20987
36360000,6456200,6459300,6455000,6456800,19765
36420000,6456700,6456790,6453600,6453800,19915
36480000,6454050,6454100,6446100,6446100,68288
36540000,6446800,6447150,6438900,6441800,69454
36600000,6441800,6441800,6431000,6436300,65268
36660000,6436200,6441100,6435400,6439000,66004
36720000,6439450,6442800,6437100,6441400,35480
36780000,6442700,6442700,6435900,6435900,19215
36840000,6436000,6438400,6433300,6435200,22529
36900000,6435000,6435100,6426100,6429500,50427
36960000,6430150,6432500,6427000,6428200,25316
37020000,6428600,6436100,6428400,6434200,37573
37080000,6434200,6443300,6433400,6443000,25010
37140000,6442800,6447600,6442300,6447200,27895
37200000,6447200,6456000,6446800,6454600,59926
37260000,6454200,6458700,6453300,6458500,42656
37320000,6458200,6458700,6455100,6455600,15540
37380000,6455600,6455800,6452100,6454100,25779
37440000,6454100,6462300,6452800,6457000,35949
37500000,6457000,6458900,6454900,6455100,11262
37560000,6455100,6462400,6454900,6459200,26681
37620000,6459100,6465000,6459000,6462100,45437
37680000,6463900,6464700,6460800,6464200,30673
37740000,6464000,6464100,6461400,6463700,11829
37800000,6463700,6463700,6458600,6459950,38116
37860000,6459300,6460000,6456200,6456200,21218
37920000,6456300,6462200,6455800,6459300,24317
37980000,6459300,6461400,6457000,6460200,7581
38040000,6460500,6460500,6458900,6459200,3936
38100000,6459800,6459800,6455500,6455900,21551
38160000,6455900,6456100,6451300,6452500,31454
38220000,6451800,6453990,6448900,6450200,23471
38280000,6450000,6451500,6447900,6451500,14877
38340000,6451500,6452400,6449400,6450100,10539
38400000,6449800,6452600,6448700,6451900,24314
38460000,6451900,6456500,6450000,6454800,15754
38520000,6454000,6459400,6454000,6458900,12997
38580000,6459000,6461900,6457900,6461400,16237
38640000,6461900,6463500,6460100,6463000,13686
38700000,6463000,6466700,6462900,6465000,22271
38760000,6465000,6469200,6462700,6467100,23340
38820000,6467100,6471700,6466700,6469900,25585
38880000,6468800,6469200,6461600,6464200,14376
38940000,6464300,6466900,6463800,6466800,11741
39000000,6465400,6466600,6462500,6462500,6198
39060000,6463700,6463700,6459300,6461000,12425
39120000,6460300,6460400,6457100,6457100,14225
39180000,6457000,6460100,6456200,6460000,6010
39240000,6459600,6463800,6459600,6461700,3800
39300000,6462500,6464900,6462500,6464900,6104
39360000,6464900,6464900,6462700,6464300,4836
39420000,6464800,6464900,6461900,6462100,8542
39480000,6462750,6463400,6458800,6460300,8118
39540000,6461100,6462700,6460400,6461750,6754
39600000,6461000,6461000,6458000,6460100,10765
39660000,6460600,6460800,6457900,6460200,5018
39720000,6459800,6464900,6459200,6464900,13492
39780000,6464900,6464900,6458700,6458900,8561
39840000,6458800,6461000,6458700,6460000,4721
39900000,6461000,6463900,6460200,6462700,4381
39960000,6463500,6463600,6460500,6460800,6558
40020000,6461600,6461600,6453900,6456600,16701
40080000,6456000,6457900,6455600,6457900,5188
40140000,6458000,6458400,6455500,6457600,15539
40200000,6457700,6458900,6456200,6456600,10684
40260000,6457050,6458000,6456400,6456400,2950
40320000,6457300,6459800,6455600,6455900,14320
40380000,6456700,6456700,6451000,6451400,21953
40440000,6451300,6451700,6445400,6446900,28103
40500000,6447800,6447800,6443200,6444200,20012
40560000,6443600,6445300,6438000,6438500,40195
40620000,6439400,6441100,6435800,6440900,22038
40680000,6441000,6442100,6439000,6440900,21079
40740000,6440000,6447800,6439500,6445300,32249
40800000,6445800,6448900,6440000,6447400,39393
40860000,6447800,6447800,6445600,6447500,5362
40920000,6447500,6447700,6445400,6445500,4732
40980000,6446700,6451800,6445500,6451000,14664
41040000,6451500,6453200,6449000,6451500,15015
41100000,6451500,6454300,6451400,6454000,14107
41160000,6454200,6454500,6451500,6452600,8405
41220000,6453300,6453700,6452000,6453000,3840
41280000,6453800,6453800,6448300,6449100,16204
41340000,6448200,6448200,6443300,6446500,16667
41400000,6445800,6445900,6440300,6444000,7877
41460000,6444100,6448000,6440500,6440500,8716
41520000,6440400,6449600,6440000,6445400,15937
41580000,6445200,6449800,6443900,6449450,9238
41640000,6449890,6450000,6447600,6449500,8890
41700000,6449700,6449700,6446400,6447500,7103
41760000,6446800,6449000,6446400,6449000,6295
41820000,6448700,6450800,6445700,6446800,16295
41880000,6446300,6449600,6439000,6445100,22814
41940000,6444500,6450900,6444300,6447700,10223
42000000,6448300,6448800,6446600,6447900,7894
42060000,6448100,6448400,6445500,6445700,5887
42120000,6446900,6447500,6443800,6445000,4737
42180000,6445000,6446300,6439300,6442900,18799
42240000,6442500,6443800,6439300,6440500,5364
42300000,6442000,6443400,6439100,6440400,12521
42360000,6440400,6441200,6439000,6439900,10458
42420000,6439000,6442400,6435600,6438200,31545
42480000,6438100,6438100,6432600,6433000,15548
42540000,6432800,6434600,6431500,6433800,18067
42600000,6434100,6438800,6431600,6438300,14151
42660000,6437900,6443800,6437900,6443800,16509
42720000,6444600,6450000,6443700,6447400,30456
42780000,6447400,6450000,6446200,6449550,8077
42840000,6449600,6449650,6444800,6446400,6385
42900000,6446800,6448300,6446200,6446800,1795
42960000,6446800,6449700,6446800,6448500,2964
43020000,6448600,6452500,6446000,6446000,15661
43080000,6446300,6447300,6443500,6443700,9812
43140000,6443500,6445500,6442100,6443800,3915
43200000,6443800,6449400,6443800,6448600,10445
43260000,6448400,6448600,6445000,6446600,5009
43320000,6447000,6448000,6445300,6446200,4669
43380000,6446600,6447300,6445500,6446700,16248
43440000,6446700,6450000,6444600,6447600,15218
43500000,6448400,6450000,6447600,6449300,15742
43560000,6449700,6450000,6448100,6449600,17881
43620000,6449800,6457800,6449500,6457800,40074
43680000,6457700,6460000,6456200,6458400,13170
43740000,6458500,6458800,6457000,6458500,4048
43800000,6458300,6459700,6455400,6458000,8326
43860000,6457500,6458400,6454900,6457400,6830
43920000,6457000,6458500,6453990,6454000,10093
43980000,6454000,6456200,6452700,6453500,10600
44040000,6453500,6454600,6451200,6454600,12866
44100000,6453900,6453900,6451100,6452200,9843
44160000,6452200,6453400,6451200,6452400,4005
44220000,6451300,6451300,6446800,6446800,10418
44280000,6447500,6448700,6446700,6448200,4995
44340000,6447100,6449000,6446600,6447200,9889
44400000,6447800,6449000,6447000,6448000,2110
44460000,6446900,6450000,6446900,6449500,8510
44520000,6449500,6452200,6448500,6452200,7937
44580000,6452200,6452300,6447500,6448500,12818
44640000,6448700,6449800,6448600,6449600,4879
44700000,6449600,6449600,6445700,6446100,10842
44760000,6446700,6446700,6443500,6445000,9033
44820000,6445000,6447400,6444800,6446100,9129
44880000,6446100,6447400,6445900,6446500,2005
44940000,6446500,6448000,6444000,6447700,8829
45000000,6447700,6449700,6446700,6448300,11161
45060000,6448800,6451900,6447500,6451600,14026
45120000,6451600,6457900,6451000,6454200,15392
45180000,6454100,6454900,6450700,6452900,6296
45240000,6452700,6454500,6451500,6452700,5699
45300000,6453000,6457000,6453000,6456600,3055
45360000,6456600,6459800,6456600,6458300,23346
45420000,6457700,6458800,6456800,6458800,6378
45480000,6458200,6460000,6457800,6460000,16577
45540000,6459550,6464900,6458900,6461600,27410
45600000,6461200,6463200,6459410,6463100,6935
45660000,6463100,6464500,6461100,6461500,12739
45720000,6461600,6462100,6458300,6460900,6906
45780000,6460700,6460800,6457800,6458900,4098
45840000,6458800,6461300,6457700,6459000,5459
45900000,6460900,6462000,6459000,6459900,9055
45960000,6460600,6460700,6458400,6458400,1999
46020000,6458400,6460100,6457500,6457700,10628
46080000,6458700,6461000,6458700,6459800,6621
46140000,6458800,6459600,6457800,6457800,5183
46200000,6457800,6458050,6454200,6454200,7631
46260000,6454800,6455300,6453200,6453800,4922
46320000,6454100,6454700,6452700,6453700,4122
46380000,6453000,6454400,6453000,6454300,1298
46440000,6453200,6454900,6452700,6454800,6449
46500000,6454900,6457500,6454200,6456000,8611
46560000,6456900,6456900,6454100,6456800,2939
46620000,6456900,6457600,6455900,6457600,4800
46680000,6457500,6457690,6455100,6455800,3942
46740000,6455600,6455600,6451800,6453000,3367
46800000,6452400,6456100,6452200,6455800,3054
46860000,6455000,6456100,6453400,6454000,5767
46920000,6454700,6457000,6454700,6456800,5017
46980000,6456800,6460000,6456450,6458900,5353
47040000,6459100,6460900,6458000,6458900,4368
47100000,6460300,6462100,6457500,6461100,10521
47160000,6461000,6461400,6457900,6459300,1636
47220000,6459700,6459700,6457950,6459500,4188
47280000,6459700,6459700,6458000,6458300,2818
47340000,6458400,6459100,6457700,6458300,3482
47400000,6458900,6460600,6454600,6457300,14547
47460000,6457200,6457200,6455000,6456200,3447
47520000,6456500,6457700,6455800,6457200,6084
47580000,6456200,6456500,6453600,6453600,2535
47640000,6454300,6454300,6451200,6451400,6470
47700000,6451600,6454100,6451300,6454100,2979
47760000,6453100,6453100,6448000,6450000,14396
47820000,6449800,6449800,6447500,6448800,4511
47880000,6447900,6448900,6447300,6448800,2263
47940000,6447800,6448200,6445600,6445600,5563
48000000,6445600,6447600,6445600,6447400,4789
48060000,6447800,6448300,6445600,6446200,5433
48120000,6445800,6445950,6441800,6441900,26821
48180000,6442450,6442800,6440500,6441500,12410
48240000,6441500,6442300,6436200,6437100,29522
48300000,6437100,6437100,6435000,6435000,12629
48360000,6435000,6437300,6434500,6437100,9156
48420000,6437300,6439500,6437300,6439100,5394
48480000,6439100,6442300,6438700,6442000,7439
48540000,6442000,6442800,6440000,6440400,3911
48600000,6440300,6444200,6440000,6444100,4909
48660000,6444200,6446500,6444000,6446500,8980
48720000,6446500,6448300,6445000,6445500,8304
48780000,6446100,6455000,6444700,6444800,8917
48840000,6444500,6444500,6443200,6443200,7021
48900000,6443500,6443800,6441300,6442000,4182
48960000,6442000,6442300,6440700,6441100,4578
49020000,6441200,6444500,6440800,6443100,8814
49080000,6442300,6442900,6440000,6440400,10378
49140000,6440100,6441600,6439100,6441600,6888
49200000,6441750,6443100,6440400,6441600,2958
49260000,6441700,6442300,6439400,6440000,3116
49320000,6440600,6441300,6438900,6440000,4110
49380000,6440000,6441000,6438700,6439000,5834
49440000,6439800,6442300,6438800,6441400,4425
49500000,6441800,6442600,6441600,6442300,3209
49560000,6442300,6442300,6439200,6440000,2514
49620000,6439000,6441500,6439000,6440300,2162
49680000,6441400,6443700,6440000,6441400,6199
49740000,6441400,6442800,6439000,6439700,3035
49800000,6439200,6440000,6438000,6438900,10009
49860000,6439900,6441650,6436010,6436100,8185
49920000,6436650,6439900,6436000,6437600,11320
49980000,6438500,6438800,6435300,6435300,6996
50040000,6435900,6438900,6435800,6437000,7433
50100000,6438400,6439600,6438000,6438500,1871
50160000,6438100,6438600,6436900,6438600,4192
50220000,6438600,6440600,6438600,6440300,5312
50280000,6440300,6441800,6439100,6441800,5435
50340000,6441800,6445200,6441800,6445000,5912
50400000,6444000,6446300,6443000,6443000,8988
50460000,6443000,6446050,6442300,6446000,5254
50520000,6445500,6448900,6444900,6448100,7675
50580000,6448700,6450400,6447500,6449550,17951
50640000,6449300,6450500,6449100,6450500,6243
50700000,6450900,6453500,6449700,6449700,7432
50760000,6450000,6454100,6449600,6453400,6986
50820000,6453000,6453500,6452000,6452500,2961
50880000,6452100,6455900,6451200,6455700,15396
50940000,6455700,6459100,6455400,6459100,19444
51000000,6459300,6462000,6459300,6459610,22987
51060000,6460250,6463000,6459700,6461400,10898
51120000,6461400,6464200,6459700,6460700,16336
51180000,6461300,6462600,6460500,6461700,4949
51240000,6462200,6464000,6462200,6462700,6571
51300000,6462700,6466000,6462550,6465100,14011
51360000,6465300,6467050,6464300,6466100,9829
51420000,6467000,6468100,6465010,6467000,13697
51480000,6467000,6469300,6466200,6466600,15611
51540000,6466800,6468400,6466500,6467600,3704
51600000,6466900,6466900,6462800,6465800,11354
51660000,6466700,6467100,6460400,6463700,555010
51720000,6464600,6467500,6464300,6466800,5643
51780000,6467800,6472500,6467500,6472000,19797
51840000,6472200,6474300,6471400,6473100,10033
51900000,6473000,6474600,6469400,6471200,10223
51960000,6470300,6472800,6470000,6471400,9286
52020000,6470900,6470900,6468000,6470000,6078
52080000,6470100,6471800,6470100,6471500,4575
52140000,6471300,6472500,6470100,6472500,6839
52200000,6472500,6472900,6471700,6472300,5253
52260000,6472500,6473000,6470700,6470900,4983
52320000,6471400,6472500,6470100,6472500,6748
52380000,6472700,6472900,6470000,6470100,4884
52440000,6470700,6470700,6466600,6466700,9300
52500000,6466700,6466900,6463000,6464400,13723
52560000,6464500,6464900,6461900,6462000,8553
52620000,6463000,6463000,6456400,6459500,17540
52680000,6459150,6459150,6456300,6458300,5025
52740000,6458300,6461900,6458000,6460100,7907
52800000,6460000,6461700,6458800,6461700,6899
52860000,6461800,6467100,6461400,6467100,9072
52920000,6466500,6467200,6463400,6463400,5510
52980000,6463300,6467300,6462510,6467000,8676
53040000,6467500,6468600,6466700,6467400,5754
53100000,6467000,6468500,6466800,6467500,4391
53160000,6467700,6470300,6467700,6469900,8942
53220000,6469700,6469900,6468500,6469700,2448
53280000,6470000,6472200,6469300,6470700,5928
53340000,6470600,6471400,6469000,6471400,2195
53400000,6471400,6471850,6469700,6471200,7229
53460000,6471500,6471500,6467300,6468400,6912
53520000,6468200,6468200,6463300,6465400,7393
53580000,6465400,6465900,6461900,6461900,8717
53640000,6462300,6462900,6461300,6462100,4257
53700000,6462400,6467400,6462000,6466100,8050
53760000,6466300,6466300,6461400,6463100,18820
53820000,6464300,6466100,6462500,6462700,5393
53880000,6462500,6464900,6462100,6463500,4940
53940000,6463500,6463800,6461900,6463800,4152
54000000,6464300,6468700,6464300,6465700,8348
54060000,6467700,6469400,6466000,6467200,3549
54120000,6466000,6467900,6465100,6467900,3779
54180000,6467200,6468200,6466800,6467200,3776
54240000,6467000,6467900,6466400,6467800,2218
54300000,6468000,6468500,6466900,6466900,2927
54360000,6467000,6467000,6462000,6462110,15067
54420000,6463900,6465100,6462000,6462100,5627
54480000,6462700,6463900,6461900,6462000,9415
54540000,6462300,6462700,6456100,6458400,26640
54600000,6458900,6460500,6456800,6457200,7614
54660000,6456600,6459100,6456300,6457800,7679
54720000,6456700,6458900,6449000,6449000,36566
54780000,6450600,6456500,6450300,6456500,8724
54840000,6455600,6458000,6454900,6457700,4446
54900000,6458800,6459100,6457200,6458300,4545
54960000,6458900,6459700,6457900,6457900,7132
55020000,6458400,6459000,6452700,6453250,6596
55080000,6453150,6453150,6450900,6452700,10766
55140000,6452600,6454200,6449300,6453200,14863
55200000,6453100,6454900,6452600,6453400,13163
55260000,6453600,6456290,6452800,6456290,5355
55320000,6456200,6457990,6455300,6457990,4336
55380000,6457900,6472000,6456600,6458300,9348
55440000,6458500,6461000,6456900,6461000,10122
55500000,6461000,6462400,6459500,6461100,6687
55560000,6460500,6461700,6459600,6460100,7252
55620000,6459200,6459200,6456000,6456200,6569
55680000,6456200,6456800,6453000,6454150,10112
55740000,6454600,6455000,6453200,6454400,4606
55800000,6454200,6454500,6451600,6452600,6190
55860000,6452100,6453400,6452100,6452700,4693
55920000,6452800,6454800,6450800,6451600,15228
55980000,6451700,6453000,6450900,6452550,9675
56040000,6452300,6454700,6451000,6453700,10862
56100000,6453400,6454600,6452500,6453700,8861
56160000,6454500,6455000,6452700,6454300,11090
56220000,6454300,6456300,6453700,6455900,3759
56280000,6456200,6458550,6455650,6457900,8252
56340000,6458100,6459900,6458100,6459500,12252
56400000,6459200,6460000,6458600,6459600,6706
56460000,6458800,6459700,6457000,6459200,7467
56520000,6459400,6459700,6458400,6459000,9578
56580000,6459000,6459700,6458000,6459400,8059
56640000,6459400,6460000,6457700,6458400,11815
56700000,6459200,6459200,6458000,6458500,5995
56760000,6458600,6458800,6456000,6456600,7190
56820000,6456600,6458100,6454100,6457900,20780
56880000,6458100,6459000,6457500,6458300,7531
56940000,6458300,6461600,6458000,6459600,33492
57000000,6459700,6465000,6459700,6462300,38788
57060000,6462000,6465000,6461400,6464600,24510
57120000,6464700,6469000,6464600,6468400,32009
57180000,6468200,6471000,6468200,6470700,26568
57240000,6470700,6471400,6466100,6466400,25090
57300000,6466200,6469900,6466200,6467500,27446
57360000,6467500,6470000,6467200,6469900,19026
57420000,6469100,6470000,6469000,6469700,23182
57480000,6469700,6469900,6467700,6468500,36315
57540000,6468600,6473500,6467100,6473500,161809
57600000,6473900,6473900,6469300,6469300,211688
57660000,6471500,6471500,6470000,6470000,609
57720000,6469200,6471400,6467300,6469500,4552
57780000,6469800,6471100,6469000,6470800,1363
57840000,6470800,6471200,6468500,6470800,1364
57900000,6470600,6470900,6468600,6470600,589
57960000,6470000,6471000,6470000,6471000,621
58020000,6470000,6470600,6470000,6470500,205
58080000,6470000,6470000,6468000,6468000,1408
58140000,6468000,6468500,6467900,6468500,615
58200000,6469300,6469700,6469300,6469700,600
58320000,6468000,6468500,6466700,6466700,1000
58380000,6468700,6469000,6468600,6469000,1110
58440000,6469000,6469000,6467100,6467100,201
58500000,6468900,6469500,6468100,6468100,979
58620000,6468200,6468200,6468200,6468200,90
58680000,6468300,6468300,6468000,6468000,200
58860000,6469300,6469400,6469200,6469300,600
58920000,6469400,6469400,6469400,6469400,30
59040000,6468100,6468100,6468100,6468100,15
59160000,6468200,6468200,6468200,6468200,53
59280000,6468500,6469000,6468500,6469000,215
59400000,6468200,6468200,6468000,6468000,427
59460000,6468000,6468000,6468000,6468000,5
59520000,6468000,6468800,6468000,6468800,358
59700000,6467600,6467800,6467200,6467200,800
59760000,6468600,6468600,6468600,6468600,22
59940000,6469300,6469300,6469300,6469300,50
60000000,6467500,6467500,6467500,6467500,250
60120000,6467300,6467300,6467300,6467300,5
60180000,6467300,6467300,6467000,6467000,245
60240000,6467200,6467200,6465100,6465100,1855
60600000,6469300,6469300,6468900,6468900,200
60720000,6467500,6467500,6466500,6466500,432
60840000,6467000,6467000,6467000,6467000,150
60960000,6469200,6469200,6469200,6469200,1
61140000,6469200,6469200,6466600,6466600,285
61200000,6467500,6467500,6466700,6466700,100
61260000,6466800,6468900,6466800,6468900,250
61560000,6468900,6468900,6468900,6468900,30
61980000,6468200,6468500,6468200,6468500,530
62100000,6468500,6468500,6468500,6468500,20
62280000,6468500,6468500,6468300,6468300,361
62400000,6468600,6468700,6468000,6468600,740
62460000,6468700,6468700,6467500,6467500,549
62580000,6468000,6468000,6468000,6468000,2
62820000,6468000,6468600,6468000,6468600,173
62880000,6468600,6468600,6468600,6468600,15
62940000,6468400,6468400,6468400,6468400,15
63060000,6468400,6468400,6468400,6468400,1
63120000,6468300,6468500,6468300,6468500,186
63360000,6468000,6468000,6467100,6467100,579
63600000,6468400,6468400,6467200,6468000,190
63720000,6468500,6468500,6467500,6468500,260
63780000,6468500,6468500,6468500,6468500,5
63840000,6468500,6468500,6468500,6468500,83
63900000,6468500,6468500,6468500,6468500,4
63960000,6468500,6468500,6467000,6467500,310
64020000,6467500,6467500,6467000,6467000,157
64080000,6467000,6468400,6467000,6468400,1298
64200000,6467200,6467200,6466500,6466500,653
64260000,6468300,6468300,6468300,6468300,40
64320000,6467500,6467500,6467500,6467500,109
64380000,6468300,6468300,6468300,6468300,76
64440000,6468300,6468300,6468300,6468300,50
64500000,6468300,6468300,6468300,6468300,7
64560000,6468300,6468300,6468300,6468300,5
64620000,6467200,6467200,6466500,6466500,101
64740000,6468300,6468300,6468200,6468200,26
64800000,6468200,6468500,6468200,6468500,1000
64920000,6468500,6468500,6468500,6468500,50
64980000,6468300,6468300,6468300,6468300,34
65160000,6468300,6468300,6468300,6468300,201
65220000,6466700,6466700,6466200,6466200,1000
65280000,6466200,6468300,6466200,6468200,700
65340000,6466300,6467200,6466300,6467200,300
65520000,6467500,6467500,6467000,6467000,400
65580000,6467000,6467500,6467000,6467000,75
65700000,6467000,6467000,6467000,6467000,40
65760000,6467000,6467000,6466700,6466700,238
65880000,6466100,6467000,6466100,6467000,200
65940000,6466000,6467300,6466000,6467300,302
66000000,6468400,6468400,6468400,6468400,228
66420000,6468300,6468300,6468300,6468300,5
66600000,6467300,6468200,6467300,6468200,4
66660000,6467300,6467300,6467300,6467300,4
66780000,6467900,6467900,6467900,6467900,10
66960000,6467300,6467300,6467300,6467300,124
67140000,6467300,6467300,6466300,6466500,410
67260000,6466400,6466400,6465800,6465800,50
67320000,6466100,6466100,6465500,6465500,81
67440000,6467500,6468200,6467500,6468200,200
67500000,6468200,6468200,6468200,6468200,120
67560000,6468000,6468000,6468000,6468000,200
67620000,6467900,6467900,6467900,6467900,200
67800000,6467900,6467900,6467900,6467900,15
67860000,6468000,6468000,6465600,6465600,212
68040000,6467000,6467500,6467000,6467500,400
68100000,6467500,6467500,6467500,6467500,50
68400000,6465700,6465700,6465700,6465700,250
68460000,6467000,6467600,6467000,6467600,400
68580000,6467500,6467500,6467500,6467500,10
68640000,6467000,6467000,6467000,6467000,18
69240000,6466500,6469900,6466500,6468500,2130
69420000,6468000,6468000,6467800,6467800,711
69540000,6467500,6467800,6467500,6467800,112
69780000,6467800,6468000,6467800,6468000,170
69840000,6468000,6468000,6468000,6468000,245
70020000,6468000,6468000,6468000,6468000,5
70080000,6468000,6469900,6468000,6469900,100
70260000,6468300,6468300,6468300,6468300,100
70320000,6468300,6468300,6468300,6468300,5
70440000,6468300,6468300,6468300,6468300,2
70500000,6466700,6466700,6466700,6466700,5
70680000,6468000,6468000,6468000,6468000,10
70740000,6468000,6468000,6468000,6468000,100
70800000,6468000,6468000,6468000,6468000,300
70920000,6469500,6469500,6469500,6469500,100
71040000,6468300,6468300,6468300,6468300,66
71220000,6468300,6468300,6468300,6468300,117
71340000,6469400,6469400,6469400,6469400,100
71460000,6469300,6469500,6469300,6469500,531
71520000,6469500,6469500,6469500,6469500,10
71580000,6469500,6469800,6468000,6469800,343
71700000,6469800,6469800,6469800,6469800,10
71820000,6469800,6469800,6469800,6469800,18
71880000,6469800,6469800,6469800,6469800,50
71940000,6467500,6469900,6467500,6469700,370