Date,"Total membership","Full Members",Guests,"Daily active members","Daily members posting messages","Weekly active members","Weekly members posting messages","Messages in public channels","Messages in private channels","Messages in shared channels","Messages in DMs","Percent of messages, public channels","Percent of messages, private channels","Percent of messages, DMs","Percent of views, public channels","Percent of views, private channels","Percent of views, DMs",Name,"Public channels, single-workspace","Messages posted"
2017-10-11,8,8,0,8,4,8,4,0,0,0,4,0,0,1,0.2308,0,0.7692,0,2,44
2017-10-12,9,9,0,3,0,8,4,0,0,0,0,0,0,0,0.6667,0,0.3333,0,2,47
2017-10-13,9,9,0,1,0,8,4,0,0,0,0,0,0,0,1,0,0,0,2,47
2017-10-14,9,9,0,0,0,8,4,0,0,0,0,0,0,0,0,0,0,0,2,47
2017-10-15,9,9,0,0,0,8,4,0,0,0,0,0,0,0,0,0,0,0,2,47
2017-10-16,9,9,0,1,0,8,4,0,0,0,0,0,0,0,1,0,0,0,2,47
2017-10-17,9,9,0,7,5,9,5,15,0,0,1,0.9375,0,0.0625,0.95,0,0.05,0,2,64
2017-10-18,9,9,0,0,0,7,5,0,0,0,0,0,0,0,0,0,0,0,2,64
2017-10-19,9,9,0,3,1,7,6,1,0,0,0,1,0,0,0.7,0,0.3,0,2,68
2017-10-20,9,9,0,5,1,7,6,1,0,0,0,1,0,0,1,0,0,0,2,69
2017-10-21,9,9,0,0,0,7,6,0,0,0,0,0,0,0,0,0,0,0,2,69
2017-10-22,9,9,0,0,0,7,6,0,0,0,0,0,0,0,0,0,0,0,2,69
2017-10-23,9,9,0,2,0,8,6,0,0,0,0,0,0,0,1,0,0,0,2,69
2017-10-24,9,9,0,0,0,7,1,0,0,0,0,0,0,0,0,0,0,0,2,69
2017-10-25,9,9,0,4,1,8,2,1,0,0,2,0.3333,0,0.6667,0.5556,0,0.4444,0,2,72
2017-10-26,9,9,0,7,3,9,4,16,0,0,36,0.3077,0,0.6923,0.5504,0,0.4496,0,2,124
2017-10-27,9,9,0,6,3,9,5,0,0,0,5,0,0,1,0.4286,0,0.5714,0,2,129
2017-10-28,9,9,0,1,0,9,5,0,0,0,0,0,0,0,1,0,0,0,2,129
2017-10-29,9,9,0,0,0,9,5,0,0,0,0,0,0,0,0,0,0,0,2,129
2017-10-30,10,10,0,3,0,10,5,0,0,0,0,0,0,0,0.8,0,0.2,0,2,134
2017-10-31,10,10,0,5,2,10,6,0,0,0,5,0,0,1,0.4444,0,0.5556,0,2,139
2017-11-01,10,10,0,2,0,10,6,0,0,0,0,0,0,0,1,0,0,0,2,139
2017-11-02,10,10,0,0,0,10,5,0,0,0,0,0,0,0,0,0,0,0,2,139
2017-11-03,11,11,0,9,3,11,5,7,0,0,0,1,0,0,0.9565,0,0.0435,0,2,152
2017-11-04,11,11,0,6,2,11,6,8,0,0,0,1,0,0,1,0,0,0,2,159
2017-11-05,11,11,0,0,0,11,6,0,0,0,0,0,0,0,0,0,0,0,2,159
2017-11-06,11,11,0,9,3,10,6,6,0,0,0,1,0,0,1,0,0,0,2,165
2017-11-07,11,11,0,9,5,10,7,61,0,0,19,0.7625,0,0.2375,0.8571,0,0.1429,0,2,245
2017-11-08,11,11,0,8,2,10,7,2,0,0,0,1,0,0,1,0,0,0,2,247
2017-11-09,11,11,0,2,1,10,7,0,0,0,3,0,0,1,0.25,0,0.75,0,2,250
2017-11-10,11,11,0,9,4,10,7,8,0,0,3,0.7273,0,0.2727,0.8333,0,0.1667,0,2,261
2017-11-11,11,11,0,7,5,10,7,24,0,0,0,1,0,0,1,0,0,0,2,285
2017-11-12,11,11,0,1,0,10,7,0,0,0,0,0,0,0,1,0,0,0,2,285
2017-11-13,11,11,0,6,1,10,7,1,0,0,0,1,0,0,1,0,0,0,2,286
2017-11-14,11,11,0,7,2,10,7,3,0,0,0,1,0,0,1,0,0,0,2,289
2017-11-15,12,12,0,4,2,11,8,0,0,0,4,0,0,1,0.4444,0,0.5556,0,2,296
2017-11-16,12,12,0,11,7,11,9,13,0,0,4,0.7647,0,0.2353,0.8644,0,0.1356,0,2,315
2017-11-17,12,12,0,9,5,11,9,7,0,0,1,0.875,0,0.125,0.973,0,0.027,0,2,324
2017-11-18,12,12,0,2,0,11,8,0,0,0,0,0,0,0,1,0,0,0,2,324
2017-11-19,12,12,0,0,0,11,8,0,0,0,0,0,0,0,0,0,0,0,2,324
2017-11-20,12,12,0,0,0,11,8,0,0,0,0,0,0,0,0,0,0,0,2,324
2017-11-21,12,12,0,10,3,11,8,13,0,0,0,1,0,0,0.9839,0,0.0161,0,2,337
2017-11-22,12,12,0,9,5,11,10,80,0,0,0,1,0,0,1,0,0,0,2,423
2017-11-23,12,12,0,7,2,11,9,2,0,0,0,1,0,0,0.8667,0,0.1333,0,2,426
2017-11-24,12,12,0,2,0,10,5,0,0,0,0,0,0,0,1,0,0,0,2,426
2017-11-25,12,12,0,1,0,10,5,0,0,0,0,0,0,0,1,0,0,0,2,426
2017-11-26,12,12,0,0,0,10,5,0,0,0,0,0,0,0,0,0,0,0,2,426
2017-11-27,12,12,0,9,6,11,7,16,0,0,15,0.5161,0,0.4839,0.6905,0,0.3095,0,2,458
2017-11-28,12,12,0,9,6,10,9,29,0,0,1,0.9667,0,0.0333,0.9659,0,0.0341,0,2,490
2017-11-29,12,12,0,5,3,10,9,0,0,0,53,0,0,1,0.033,0,0.967,0,2,543
2017-11-30,12,12,0,6,3,10,9,0,0,0,4,0,0,1,0.4286,0,0.5714,0,2,549
2017-12-01,13,13,0,12,7,12,9,41,0,0,24,0.6308,0,0.3692,0.7831,0,0.2169,0,2,618
2017-12-02,13,13,0,6,3,12,10,11,0,0,1,0.9167,0,0.0833,0.875,0,0.125,0,2,630
2017-12-03,13,13,0,6,3,12,10,7,0,0,0,1,0,0,1,0,0,0,2,637
2017-12-04,14,14,0,11,4,13,10,44,0,0,0,1,0,0,1,0,0,0,2,687
2017-12-05,14,14,0,13,4,13,10,4,0,0,0,1,0,0,1,0,0,0,2,691
2017-12-06,14,14,0,6,2,13,10,5,0,0,0,1,0,0,1,0,0,0,2,696
2017-12-07,15,15,0,12,7,14,11,18,0,0,5,0.7826,0,0.2174,0.8889,0,0.1111,0,2,721
2017-12-08,15,15,0,9,2,14,9,3,0,0,1,0.75,0,0.25,0.96,0,0.04,0,2,724
2017-12-09,15,15,0,2,1,14,9,0,0,0,1,0,0,1,0.5,0,0.5,0,2,725
2017-12-10,15,15,0,0,0,14,9,0,0,0,0,0,0,0,0,0,0,0,2,725
2017-12-11,15,15,0,4,2,14,10,0,0,0,18,0,0,1,0.0323,0,0.9677,0,2,743
2017-12-12,15,15,0,11,6,13,9,2,0,0,16,0.1111,0,0.8889,0.3571,0,0.6429,0,2,760
2017-12-13,15,15,0,11,4,13,9,10,0,0,8,0.5556,0,0.4444,0.6744,0,0.3256,0,2,780
2017-12-14,15,15,0,6,3,13,8,2,0,0,13,0.1333,0,0.8667,0.1905,0,0.8095,0,2,796
2017-12-15,16,16,0,9,5,14,8,19,0,0,3,0.8636,0,0.1364,0.8909,0,0.1091,0,2,824
2017-12-16,16,16,0,8,2,14,8,2,0,0,6,0.25,0,0.75,0.4706,0,0.5294,0,2,832
2017-12-17,16,16,0,5,2,14,8,3,0,0,1,0.75,0,0.25,0.6,0,0.4,0,2,836
2017-12-18,16,16,0,11,6,15,9,67,0,0,19,0.7791,0,0.2209,0.8512,0,0.1488,0,2,925
2017-12-19,16,16,0,7,4,15,8,12,0,0,4,0.75,0,0.25,0.8788,0,0.1212,0,3,944
2017-12-20,17,17,0,3,1,14,8,0,0,0,0,0,0,0,0.625,0,0.375,0,3,948
2017-12-21,17,17,0,2,0,14,8,0,0,0,0,0,0,0,1,0,0,0,3,948
2017-12-22,17,17,0,0,0,13,7,0,0,0,0,0,0,0,0,0,0,0,3,948
2017-12-23,17,17,0,0,0,12,7,0,0,0,0,0,0,0,0,0,0,0,3,948
2017-12-24,17,17,0,1,0,12,7,0,0,0,0,0,0,0,1,0,0,0,3,948
2017-12-25,17,17,0,0,0,11,5,0,0,0,0,0,0,0,0,0,0,0,3,948
2017-12-26,17,17,0,0,0,6,1,0,0,0,0,0,0,0,0,0,0,0,3,948
2017-12-27,17,17,0,0,0,3,0,0,0,0,0,0,0,0,0,0,0,0,3,948
2017-12-28,17,17,0,1,0,2,0,0,0,0,0,0,0,0,1,0,0,0,3,948
2017-12-29,17,17,0,0,0,2,0,0,0,0,0,0,0,0,0,0,0,0,3,948
2017-12-30,17,17,0,0,0,2,0,0,0,0,0,0,0,0,0,0,0,0,3,948
2017-12-31,17,17,0,0,0,1,0,0,0,0,0,0,0,0,0,0,0,0,3,948
2018-01-01,17,17,0,0,0,1,0,0,0,0,0,0,0,0,0,0,0,0,3,948
2018-01-02,17,17,0,3,1,4,1,1,0,0,0,1,0,0,1,0,0,0,3,950
2018-01-03,17,17,0,0,1,4,2,0,0,0,1,0,0,1,0,0,0,0,3,951
2018-01-04,17,17,0,2,1,5,3,0,0,0,1,0,0,1,0.5,0,0.5,0,3,952
2018-01-05,19,19,0,9,3,10,5,2,0,0,5,0.2857,0,0.7143,0.5556,0,0.4444,0,3,970
2018-01-06,19,19,0,8,4,11,7,7,0,0,0,1,0,0,0.9474,0,0.0526,0,3,977
2018-01-07,20,20,0,6,2,12,7,0,0,0,4,0,0,1,0.3077,0,0.6923,0,3,984
2018-01-08,20,20,0,6,1,14,7,0,0,0,1,0,0,1,0.75,0,0.25,0,3,985
2018-01-09,20,20,0,3,2,14,6,0,0,0,9,0,0,1,0.0769,0,0.9231,0,3,994
2018-01-10,20,20,0,1,1,14,6,0,0,0,1,0,0,1,0,0,1,0,3,995
2018-01-11,20,20,0,5,2,14,7,0,0,0,4,0,0,1,0.5,0,0.5,0,3,955
2018-01-12,20,20,0,10,4,14,7,3,0,0,2,0.6,0,0.4,0.5172,0,0.4828,0,3,960
2018-01-13,20,20,0,5,1,14,5,1,0,0,0,1,0,0,1,0,0,0,3,961
2018-01-14,20,20,0,0,0,13,5,0,0,0,0,0,0,0,0,0,0,0,3,961
2018-01-15,20,20,0,1,0,12,5,0,0,0,0,0,0,0,1,0,0,0,3,961
2018-01-16,20,20,0,7,4,12,7,3,0,0,30,0.0909,0,0.9091,0.1429,0,0.8571,0,3,994
2018-01-17,20,20,0,5,2,12,7,1,0,0,1,0.5,0,0.5,0.2,0,0.8,0,3,996
2018-01-18,20,20,0,2,2,12,7,0,0,0,2,0,0,1,0,0,1,0,3,998
2018-01-19,20,20,0,4,2,12,6,13,0,0,0,1,0,0,0.9355,0,0.0645,0,3,1011
2018-01-20,20,20,0,10,3,12,8,6,0,0,1,0.8571,0,0.1429,0.8696,0,0.1304,0,3,1018
2018-01-21,20,20,0,1,0,12,8,0,0,0,0,0,0,0,1,0,0,0,3,1018
2018-01-22,20,20,0,9,3,12,9,34,0,0,0,1,0,0,0.9688,0,0.0313,0,3,1052
2018-01-23,20,20,0,10,4,12,8,7,0,0,8,0.4667,0,0.5333,0.7447,0,0.2553,0,3,1067
2018-01-24,23,23,0,13,9,15,10,4,0,0,24,0.1429,0,0.8571,0.3905,0,0.6095,0,3,1102
2018-01-25,23,23,0,10,3,15,10,1,0,0,6,0.1429,0,0.8571,0.45,0,0.55,0,3,1108
2018-01-26,23,23,0,5,3,15,11,4,0,0,55,0.0678,0,0.9322,0.0857,0,0.9143,0,4,1167
2018-01-27,23,23,0,4,3,16,11,3,0,0,1,0.75,0,0.25,0.875,0,0.125,0,4,1171
2018-01-28,23,23,0,1,0,16,11,0,0,0,0,0,0,0,0,0,1,0,4,1171
2018-01-29,23,23,0,2,2,16,12,0,0,0,3,0,0,1,0.1667,0,0.8333,0,4,1174
2018-01-30,24,24,0,5,2,17,12,0,0,0,5,0,0,1,0.3333,0,0.6667,0,4,1180
2018-01-31,24,24,0,11,6,16,11,6,0,0,72,0.0769,0,0.9231,0.1875,0,0.8125,0,4,1258
2018-02-01,24,24,0,4,2,15,10,0,0,0,10,0,0,1,0.2222,0,0.7778,0,4,1268
2018-02-02,24,24,0,2,0,15,9,0,0,0,0,0,0,0,0,0,1,0,4,1268
2018-02-03,24,24,0,2,0,14,9,0,0,0,0,0,0,0,0.5,0,0.5,0,4,1268
2018-02-04,24,24,0,0,0,14,9,0,0,0,0,0,0,0,0,0,0,0,4,1268
2018-02-05,24,24,0,0,0,14,9,0,0,0,0,0,0,0,0,0,0,0,4,1268
2018-02-06,24,24,0,6,2,13,8,0,0,0,9,0,0,1,0.0455,0,0.9545,0,4,1277
2018-02-07,24,24,0,3,2,11,4,0,0,0,10,0,0,1,0.0625,0,0.9375,0,4,1287
2018-02-08,24,24,0,6,4,9,4,0,0,0,40,0,0,1,0.0263,0,0.9737,0,4,1327
2018-02-09,24,24,0,13,6,14,7,17,0,0,1,0.9444,0,0.0556,0.8784,0,0.1216,0,4,1345
2018-02-10,24,24,0,3,0,14,7,0,0,0,0,0,0,0,1,0,0,0,4,1345
2018-02-11,24,24,0,2,0,14,7,0,0,0,0,0,0,0,0.6667,0,0.3333,0,4,1345
2018-02-12,24,24,0,8,2,15,7,5,0,0,0,1,0,0,1,0,0,0,4,1350
2018-02-13,24,24,0,4,0,15,7,0,0,0,0,0,0,0,1,0,0,0,4,1350
2018-02-14,25,25,0,13,6,16,8,15,0,0,71,0.1744,0,0.8256,0.3262,0,0.6738,0,5,1438
2018-02-15,25,25,0,14,4,16,8,9,0,0,1,0.9,0,0.1,0.913,0,0.087,0,5,1448
2018-02-16,26,26,0,14,3,16,8,13,0,0,0,1,0,0,1,0,0,0,5,1461
2018-02-17,26,26,0,1,0,16,8,0,0,0,0,0,0,0,1,0,0,0,5,1461
2018-02-18,26,26,0,2,0,16,8,0,0,0,0,0,0,0,1,0,0,0,5,1461
2018-02-19,26,26,0,0,0,15,8,0,0,0,0,0,0,0,0,0,0,0,5,1461
2018-02-20,26,26,0,2,1,16,9,0,0,0,1,0,0,1,0.5,0,0.5,0,5,1465
2018-02-21,26,26,0,11,3,16,8,6,0,0,0,1,0,0,0.9722,0,0.0278,0,5,1471
2018-02-22,26,26,0,4,1,17,6,0,0,0,0,0,0,0,0.5455,0,0.4545,0,5,1472
2018-02-23,26,26,0,11,5,15,7,6,0,0,11,0.3529,0,0.6471,0.717,0,0.283,0,5,1489
2018-02-24,26,26,0,6,4,15,8,5,0,0,2,0.7143,0,0.2857,0.8947,0,0.1053,0,5,1496
2018-02-25,26,26,0,1,0,15,8,0,0,0,0,0,0,0,1,0,0,0,5,1496
2018-02-26,26,26,0,12,1,15,8,1,0,0,0,1,0,0,0.85,0,0.15,0,5,1497
2018-02-27,26,26,0,12,5,15,11,6,0,0,87,0.0645,0,0.9355,0.0976,0,0.9024,0,5,1591
2018-02-28,26,26,0,5,3,15,9,3,0,0,8,0.2727,0,0.7273,0.3846,0,0.6154,0,5,1602
2018-03-01,26,26,0,13,5,15,9,4,0,0,18,0.1818,0,0.8182,0.5,0,0.5,0,5,1625
2018-03-02,26,26,0,12,5,15,11,4,0,0,10,0.2857,0,0.7143,0.6279,0,0.3721,0,5,1639
2018-03-03,26,26,0,5,4,15,11,1,0,0,6,0.1429,0,0.8571,0.2778,0,0.7222,0,5,1646
2018-03-04,27,27,0,5,1,15,11,1,0,0,0,1,0,0,0.8,0,0.2,0,5,1647
2018-03-05,27,27,0,11,5,14,11,11,0,0,7,0.6111,0,0.3889,0.7931,0,0.2069,0,5,1665
2018-03-06,27,27,0,11,3,14,10,2,0,0,14,0.125,0,0.875,0.525,0,0.475,0,5,1684
2018-03-07,27,27,0,7,3,14,11,0,0,0,59,0,0,1,0.0753,0,0.9247,0,5,1745
2018-03-08,27,27,0,10,4,14,11,8,0,0,0,1,0,0,0.9444,0,0.0556,0,5,1753
2018-03-09,27,27,0,13,6,14,10,19,0,0,3,0.8636,0,0.1364,0.9125,0,0.0875,0,6,1775
2018-03-10,27,27,0,5,1,14,10,1,0,0,0,1,0,0,1,0,0,0,6,1776
2018-03-11,27,27,0,1,0,14,10,0,0,0,0,0,0,0,1,0,0,0,6,1776
2018-03-12,27,27,0,8,1,14,10,1,0,0,0,1,0,0,1,0,0,0,6,1776
2018-03-13,27,27,0,12,5,15,11,10,0,0,21,0.3226,0,0.6774,0.5556,0,0.4444,0,6,1807
2018-03-14,27,27,0,13,5,15,10,13,0,0,32,0.2889,0,0.7111,0.4409,0,0.5591,0,6,1852
2018-03-15,29,29,0,14,5,17,12,12,0,0,6,0.6667,0,0.3333,0.7568,0,0.2432,0,6,1874
2018-03-16,29,29,0,12,7,17,11,10,0,0,5,0.6667,0,0.3333,0.8382,0,0.1618,0,6,1890
2018-03-17,29,29,0,6,2,17,12,3,0,0,0,1,0,0,1,0,0,0,6,1893
2018-03-18,29,29,0,1,0,17,12,0,0,0,0,0,0,0,1,0,0,0,6,1893
2018-03-19,29,29,0,9,4,16,12,7,0,0,26,0.2121,0,0.7879,0.4821,0,0.5179,0,6,1926
2018-03-20,29,29,0,9,3,17,12,7,0,0,0,1,0,0,0.95,0,0.05,0,6,1932
2018-03-21,30,30,0,13,3,17,11,3,0,0,0,1,0,0,0.963,0,0.037,0,6,1937
2018-03-22,30,30,0,12,6,16,12,7,0,0,0,1,0,0,1,0,0,0,6,1944
2018-03-23,30,30,0,15,10,17,15,18,0,0,70,0.2045,0,0.7955,0.3593,0,0.6407,0,6,2034
2018-03-24,30,30,0,5,1,17,14,2,0,0,3,0.4,0,0.6,0.6154,0,0.3846,0,6,2039
2018-03-25,30,30,0,3,1,17,14,0,0,0,1,0,0,1,0.5,0,0.5,0,6,2040
2018-03-26,30,30,0,12,1,18,14,0,0,0,2,0,0,1,0.7333,0,0.2667,0,6,2042
2018-03-27,31,31,0,12,4,19,13,11,0,0,13,0.4583,0,0.5417,0.6571,0,0.3429,0,6,2068
2018-03-28,31,31,0,10,1,19,12,2,0,0,0,1,0,0,0.9231,0,0.0769,0,6,2070
2018-03-29,31,31,0,11,4,19,12,14,0,0,3,0.8235,0,0.1765,0.9153,0,0.0847,0,6,2087
2018-03-30,31,31,0,9,2,17,7,2,0,0,0,1,0,0,1,0,0,0,6,2089
2018-03-31,31,31,0,6,1,17,7,2,0,0,0,1,0,0,1,0,0,0,6,2091
2018-04-01,31,31,0,2,0,17,7,0,0,0,0,0,0,0,0.6667,0,0.3333,0,6,2091
2018-04-02,31,31,0,10,1,17,8,1,0,0,0,1,0,0,1,0,0,0,6,2092
2018-04-03,31,31,0,12,3,17,7,5,0,0,0,1,0,0,1,0,0,0,6,2097
2018-04-04,31,31,0,8,4,17,9,4,0,0,10,0.2857,0,0.7143,0.4828,0,0.5172,0,6,2111
2018-04-05,31,31,0,15,7,19,11,25,0,0,0,1,0,0,1,0,0,0,6,2138
2018-04-06,32,32,0,15,9,20,13,35,0,0,0,1,0,0,0.9825,0,0.0175,0,6,2174
2018-04-07,32,32,0,7,1,20,13,2,0,0,0,1,0,0,1,0,0,0,6,2176
2018-04-08,32,32,0,0,0,20,13,0,0,0,0,0,0,0,0,0,0,0,6,2176
2018-04-09,32,32,0,4,0,20,13,0,0,0,0,0,0,0,1,0,0,0,6,2176
2018-04-10,32,32,0,2,0,20,12,0,0,0,0,0,0,0,1,0,0,0,6,2176
2018-04-11,32,32,0,9,3,20,12,10,0,0,0,1,0,0,0.931,0,0.069,0,6,2186
2018-04-12,32,32,0,15,5,18,11,22,0,0,0,1,0,0,1,0,0,0,6,2208
2018-04-13,32,32,0,15,7,19,11,15,0,0,1,0.9375,0,0.0625,0.9831,0,0.0169,0,6,2224
2018-04-14,32,32,0,1,0,18,10,0,0,0,0,0,0,0,1,0,0,0,6,2224
2018-04-15,32,32,0,6,2,18,10,2,0,0,0,1,0,0,1,0,0,0,6,2226
2018-04-16,32,32,0,9,1,19,10,3,0,0,0,1,0,0,0.9375,0,0.0625,0,6,2231
2018-04-17,32,32,0,12,4,18,11,2,0,0,10,0.1667,0,0.8333,0.6047,0,0.3953,0,6,2245
2018-04-18,33,33,0,14,6,20,12,7,0,0,14,0.3333,0,0.6667,0.6667,0,0.3333,0,6,2268
2018-04-19,34,34,0,16,6,21,12,6,0,0,10,0.375,0,0.625,0.6809,0,0.3191,0,6,2283
2018-04-20,36,36,0,15,6,21,10,14,0,0,2,0.875,0,0.125,0.9067,0,0.0933,0,6,2302
2018-04-21,36,36,0,1,0,21,10,0,0,0,0,0,0,0,1,0,0,0,6,2302
2018-04-22,36,36,0,0,0,21,10,0,0,0,0,0,0,0,0,0,0,0,6,2302
2018-04-23,37,37,0,14,3,23,10,10,0,0,0,1,0,0,0.9592,0,0.0408,0,6,2313
2018-04-24,38,38,0,4,0,23,10,0,0,0,0,0,0,0,0.5,0,0.5,0,6,2315
2018-04-25,38,38,0,13,1,23,9,1,0,0,0,1,0,0,0.9333,0,0.0667,0,6,2316
2018-04-26,38,38,0,7,2,21,6,11,0,0,0,1,0,0,1,0,0,0,6,2327
2018-04-27,38,38,0,10,1,18,3,3,0,0,0,1,0,0,1,0,0,0,6,2330
2018-04-28,38,38,0,1,0,18,3,0,0,0,0,0,0,0,1,0,0,0,6,2330
2018-04-29,38,38,0,0,0,18,3,0,0,0,0,0,0,0,0,0,0,0,6,2330
2018-04-30,38,38,0,12,1,17,3,4,0,0,0,1,0,0,1,0,0,0,6,2334
2018-05-01,38,38,0,9,2,16,4,4,0,0,0,1,0,0,1,0,0,0,6,2337
2018-05-02,38,38,0,14,1,16,4,2,0,0,0,1,0,0,0.7419,0,0.2581,0,6,2339
2018-05-03,38,38,0,12,3,17,5,2,0,0,1,0.6667,0,0.3333,0.9474,0,0.0526,0,6,2342
2018-05-04,38,38,0,17,3,19,5,18,0,0,4,0.8182,0,0.1818,0.9359,0,0.0641,0,6,2364
2018-05-05,38,38,0,0,0,19,5,0,0,0,0,0,0,0,0,0,0,0,6,2364
2018-05-06,38,38,0,1,0,20,5,0,0,0,0,0,0,0,0.6667,0,0.3333,0,6,2364
2018-05-07,38,38,0,4,2,20,6,0,0,0,6,0,0,1,0.2,0,0.8,0,6,2370
2018-05-08,38,38,0,2,0,20,5,0,0,0,0,0,0,0,1,0,0,0,6,2370
2018-05-09,38,38,0,0,0,19,5,0,0,0,0,0,0,0,0,0,0,0,6,2370
2018-05-10,38,38,0,3,1,19,4,0,0,0,1,0,0,1,0.5,0,0.5,0,6,2371
2018-05-11,38,38,0,12,2,15,4,1,0,0,1,0.5,0,0.5,0.8,0,0.2,0,6,2373
2018-05-12,38,38,0,0,0,15,4,0,0,0,0,0,0,0,0,0,0,0,6,2373
2018-05-13,38,38,0,0,0,14,4,0,0,0,0,0,0,0,0,0,0,0,6,2373
2018-05-14,38,38,0,10,2,15,4,1,0,0,0,1,0,0,1,0,0,0,6,2375
2018-05-15,38,38,0,10,3,18,6,3,0,0,0,1,0,0,0.9412,0,0.0588,0,6,2379
2018-05-16,38,38,0,9,3,18,8,14,0,0,23,0.3784,0,0.6216,0.5238,0,0.4762,0,6,2419
2018-05-17,38,38,0,14,4,19,9,5,0,0,1,0.8333,0,0.1667,0.9091,0,0.0909,0,6,2424
2018-05-18,38,38,0,3,0,19,9,0,0,0,0,0,0,0,0.75,0,0.25,0,6,2424
2018-05-19,38,38,0,3,0,21,9,0,0,0,0,0,0,0,1,0,0,0,6,2424
2018-05-20,38,38,0,1,0,21,9,0,0,0,0,0,0,0,0.5,0,0.5,0,6,2424
2018-05-21,38,38,0,13,4,21,8,10,0,0,1,0.9091,0,0.0909,0.96,0,0.04,0,6,2432
2018-05-22,38,38,0,2,0,20,7,0,0,0,0,0,0,0,1,0,0,0,6,2432
2018-05-23,38,38,0,2,0,20,7,0,0,0,0,0,0,0,0.6667,0,0.3333,0,6,2432
2018-05-24,38,38,0,7,4,19,7,0,0,0,14,0,0,1,0.1852,0.0741,0.7407,0,6,2446
2018-05-25,38,38,0,3,0,19,7,0,0,0,0,0,0,0,1,0,0,0,6,2446
2018-05-26,38,38,0,0,0,18,7,0,0,0,0,0,0,0,0,0,0,0,6,2446
2018-05-27,38,38,0,0,0,18,7,0,0,0,0,0,0,0,0,0,0,0,6,2446
2018-05-28,38,38,0,0,0,12,4,0,0,0,0,0,0,0,0,0,0,0,6,2446
2018-05-29,38,38,0,4,0,15,4,0,0,0,0,0,0,0,1,0,0,0,6,2446
2018-05-30,38,38,0,5,1,16,5,4,0,0,0,1,0,0,0.9091,0,0.0909,0,6,2450
2018-05-31,38,38,0,12,4,14,5,3,0,0,9,0.25,0,0.75,0.6176,0,0.3824,0,6,2462
2018-06-01,38,38,0,6,1,15,5,0,0,0,1,0,0,1,0.75,0,0.25,0,6,2463
2018-06-02,38,38,0,1,0,16,5,0,0,0,0,0,0,0,0,0,1,0,6,2463
2018-06-03,38,38,0,0,0,16,5,0,0,0,0,0,0,0,0,0,0,0,6,2463
2018-06-04,38,38,0,3,0,17,5,0,0,0,0,0,0,0,0.75,0,0.25,0,6,2463
2018-06-05,38,38,0,2,1,16,5,0,0,0,2,0,0,1,0.25,0,0.75,0,6,2465
2018-06-06,38,38,0,2,2,16,4,0,0,0,21,0,0,1,0,0,1,0,6,2486
2018-06-07,38,38,0,11,4,14,5,8,0,0,1,0.8889,0,0.1111,0.8947,0,0.1053,0,6,2495
2018-06-08,39,39,0,16,5,17,8,6,0,0,2,0.75,0,0.25,0.8,0,0.2,0,6,2504
2018-06-09,39,39,0,5,3,17,9,4,0,0,0,1,0,0,0.8571,0,0.1429,0,6,2508
2018-06-10,39,39,0,4,0,17,9,0,0,0,0,0,0,0,1,0,0,0,6,2508
2018-06-11,39,39,0,16,6,21,12,32,0,0,2,0.9412,0,0.0588,0.9322,0,0.0678,0,6,2542
2018-06-12,39,39,0,11,1,21,12,1,0,0,0,1,0,0,1,0,0,0,6,2543
2018-06-13,39,39,0,6,1,21,12,1,0,0,0,1,0,0,1,0,0,0,6,2544
2018-06-14,39,39,0,11,3,21,11,8,0,0,0,1,0,0,1,0,0,0,6,2552
2018-06-15,39,39,0,11,3,20,10,3,0,0,10,0.2308,0,0.7692,0.7273,0,0.2727,0,6,2565
2018-06-16,39,39,0,1,0,20,9,0,0,0,0,0,0,0,1,0,0,0,6,2565
2018-06-17,39,39,0,0,0,20,9,0,0,0,0,0,0,0,0,0,0,0,6,2565
2018-06-18,39,39,0,12,1,18,7,1,0,0,0,1,0,0,0.9286,0,0.0714,0,6,2566
2018-06-19,39,39,0,2,0,16,6,0,0,0,0,0,0,0,1,0,0,0,6,1260
2018-06-20,39,39,0,5,2,16,6,0,0,0,5,0,0,1,0.2857,0,0.7143,0,6,2570
2018-06-21,39,39,0,13,3,18,6,28,0,0,0,1,0,0,1,0,0,0,6,2598
2018-06-22,39,39,0,12,2,19,5,6,0,0,0,1,0,0,1,0,0,0,6,2604
2018-06-23,39,39,0,8,2,19,5,2,0,0,0,1,0,0,1,0,0,0,6,2606
2018-06-24,39,39,0,0,0,19,5,0,0,0,0,0,0,0,0,0,0,0,6,2606
2018-06-25,39,39,0,5,0,18,5,0,0,0,0,0,0,0,1,0,0,0,6,2606
2018-06-26,39,39,0,2,0,17,5,0,0,0,0,0,0,0,1,0,0,0,6,2606
2018-06-27,39,39,0,1,1,17,4,0,0,0,1,0,0,1,1,0,0,0,6,2607
2018-06-28,39,39,0,16,5,19,5,8,0,0,18,0.3077,0,0.6923,0.7111,0,0.2889,0,6,2633
2018-06-29,39,39,0,15,5,19,7,10,0,0,1,0.9091,0,0.0909,0.9787,0,0.0213,0,6,2644
2018-06-30,39,39,0,2,0,19,7,0,0,0,0,0,0,0,1,0,0,0,6,2644
2018-07-01,39,39,0,1,0,19,7,0,0,0,0,0,0,0,1,0,0,0,6,2644
2018-07-02,39,39,0,8,2,19,8,2,0,0,0,1,0,0,1,0,0,0,6,2646
2018-07-03,39,39,0,8,0,19,8,0,0,0,0,0,0,0,1,0,0,0,6,2646
2018-07-04,39,39,0,0,0,19,8,0,0,0,0,0,0,0,0,0,0,0,6,2646
2018-07-05,39,39,0,1,0,20,6,0,0,0,0,0,0,0,1,0,0,0,6,2646
2018-07-06,39,39,0,9,2,18,4,1,0,0,2,0.3333,0,0.6667,1,0,0,0,6,2649
2018-07-07,39,39,0,1,0,18,4,0,0,0,0,0,0,0,1,0,0,0,6,2649
2018-07-08,39,39,0,2,0,18,4,0,0,0,0,0,0,0,0.5,0,0.5,0,6,2649
2018-07-09,39,39,0,5,0,16,2,0,0,0,0,0,0,0,1,0,0,0,6,2649
2018-07-10,39,39,0,2,0,17,2,0,0,0,0,0,0,0,1,0,0,0,6,2649
2018-07-11,39,39,0,2,0,18,2,0,0,0,0,0,0,0,1,0,0,0,6,2649
2018-07-12,39,39,0,2,0,18,2,0,0,0,0,0,0,0,0.5,0,0.5,0,6,2649
2018-07-13,39,39,0,15,4,18,4,7,0,0,11,0.3889,0,0.6111,0.7143,0,0.2857,0,6,2667
2018-07-14,39,39,0,2,0,18,4,0,0,0,0,0,0,0,1,0,0,0,6,2667
2018-07-15,39,39,0,0,0,18,4,0,0,0,0,0,0,0,0,0,0,0,6,2667
2018-07-16,39,39,0,4,2,19,4,0,0,0,2,0,0,1,0.25,0,0.75,0,6,2669
2018-07-17,39,39,0,18,5,21,6,5,0,0,4,0.5556,0,0.4444,0.5455,0,0.4545,0,6,2685
2018-07-18,39,39,0,17,6,22,10,12,0,0,25,0.3243,0,0.6757,0.4945,0,0.5055,0,6,2723
2018-07-19,39,39,0,2,0,21,10,0,0,0,0,0,0,0,1,0,0,0,6,2723
2018-07-20,39,39,0,10,1,20,10,1,0,0,0,1,0,0,1,0,0,0,6,2724
2018-07-21,39,39,0,6,2,21,11,2,0,0,0,1,0,0,0.8333,0,0.1667,0,6,2726
2018-07-22,39,39,0,1,0,21,11,0,0,0,0,0,0,0,1,0,0,0,6,2726
2018-07-23,39,39,0,7,0,21,11,0,0,0,0,0,0,0,1,0,0,0,6,2726
2018-07-24,39,39,0,13,4,21,12,6,0,0,4,0.6,0,0.4,0.8235,0,0.1765,0,6,2736
2018-07-25,39,39,0,13,4,18,7,1,0,0,23,0.0417,0,0.9583,0.3611,0,0.6389,0,6,2760
2018-07-26,39,39,0,5,2,18,7,0,0,0,7,0,0,1,0.375,0,0.625,0,6,2769
2018-07-27,39,39,0,17,3,20,9,4,0,0,1,0.8,0,0.2,0.8788,0,0.1212,0,6,2774
2018-07-28,39,39,0,6,2,21,9,4,0,0,0,1,0,0,0.9,0,0.1,0,6,2778
2018-07-29,39,39,0,1,0,21,9,0,0,0,0,0,0,0,1,0,0,0,6,2778
2018-07-30,39,39,0,9,1,22,9,0,0,0,6,0,0,1,0.8,0,0.2,0,6,2784
2018-07-31,39,39,0,9,5,22,8,7,0,0,11,0.3889,0,0.6111,0.7105,0,0.2895,0,6,2802
2018-08-01,39,39,0,8,1,21,7,0,0,0,1,0,0,1,1,0,0,0,6,2803
2018-08-02,39,39,0,4,1,20,7,0,0,0,1,0,0,1,0.5,0,0.5,0,6,2804
2018-08-03,39,39,0,7,3,16,6,5,0,0,0,1,0,0,0.9412,0,0.0588,0,6,2809
2018-08-04,39,39,0,6,0,16,6,0,0,0,0,0,0,0,1,0,0,0,6,2809
2018-08-05,39,39,0,2,0,16,6,0,0,0,0,0,0,0,1,0,0,0,6,2809
2018-08-06,39,39,0,5,0,17,6,0,0,0,0,0,0,0,1,0,0,0,6,2809
2018-08-07,39,39,0,12,2,17,5,1,0,0,3,0.25,0,0.75,0.7857,0,0.2143,0,6,2813
2018-08-08,39,39,0,2,0,18,5,0,0,0,0,0,0,0,1,0,0,0,6,2813
2018-08-09,39,39,0,14,5,20,8,9,0,0,24,0.2727,0,0.7273,0.4615,0,0.5385,0,6,2846
2018-08-10,39,39,0,9,5,20,9,0,0,0,59,0,0,1,0.1186,0,0.8814,0,6,2905
2018-08-11,39,39,0,2,0,20,9,0,0,0,0,0,0,0,0.5,0,0.5,0,6,2905
2018-08-12,39,39,0,1,0,21,9,0,0,0,0,0,0,0,0.5,0,0.5,0,6,2905
2018-08-13,40,40,0,6,3,22,9,11,0,0,40,0.2157,0,0.7843,0.3077,0,0.6923,0,6,2961
2018-08-14,40,40,0,9,6,22,9,7,0,0,9,0.4375,0,0.5625,0.5769,0,0.4231,0,6,2978
2018-08-15,40,40,0,15,5,23,11,18,0,0,87,0.1714,0,0.8286,0.3445,0,0.6555,0,6,3087
2018-08-16,40,40,0,9,4,22,10,0,0,0,5,0,0,1,0.7143,0,0.2857,0,6,3092
2018-08-17,40,40,0,3,0,20,9,0,0,0,0,0,0,0,0.2,0,0.8,0,6,3092
2018-08-18,40,40,0,2,0,20,9,0,0,0,0,0,0,0,1,0,0,0,6,3092
2018-08-19,40,40,0,0,0,20,9,0,0,0,0,0,0,0,0,0,0,0,6,3092
2018-08-20,40,40,0,6,1,20,10,0,0,0,0,0,0,0,1,0,0,0,6,3093
2018-08-21,40,40,0,12,2,23,8,2,0,0,0,1,0,0,1,0,0,0,6,3095
2018-08-22,40,40,0,8,3,21,6,1,0,0,8,0.1111,0,0.8889,0.5333,0,0.4667,0,6,3104
2018-08-23,40,40,0,6,0,21,4,0,0,0,0,0,0,0,0.8333,0,0.1667,0,6,3104
2018-08-24,40,40,0,10,3,21,6,1,0,0,4,0.2,0,0.8,0.6923,0,0.3077,0,6,3109
2018-08-25,40,40,0,3,0,22,6,0,0,0,0,0,0,0,1,0,0,0,6,3109
2018-08-26,40,40,0,0,1,22,7,3,0,0,0,1,0,0,0,0,0,0,6,3112
2018-08-27,40,40,0,13,1,23,7,3,0,0,0,1,0,0,1,0,0,0,7,3115
2018-08-28,40,40,0,13,3,21,7,4,0,0,0,1,0,0,1,0,0,0,7,3119
2018-08-29,40,40,0,12,3,22,6,24,0,0,0,1,0,0,0.9726,0,0.0274,0,7,3145
2018-08-30,40,40,0,11,2,21,6,11,0,0,0,1,0,0,1,0,0,0,7,3157
2018-08-31,40,40,0,12,6,18,6,31,0,0,0,1,0,0,1,0,0,0,7,3189
2018-09-01,41,41,0,5,2,19,6,19,0,0,0,1,0,0,0.9,0,0.1,0,7,3213
2018-09-02,41,41,0,3,0,19,6,0,0,0,0,0,0,0,1,0,0,0,7,3213
2018-09-03,41,41,0,0,0,18,6,0,0,0,0,0,0,0,0,0,0,0,7,3213
2018-09-04,41,41,0,13,1,20,7,1,0,0,0,1,0,0,0.9444,0,0.0556,0,7,3214
2018-09-05,41,41,0,13,2,19,7,3,0,0,0,1,0,0,1,0,0,0,7,3217
2018-09-06,43,43,0,7,0,22,7,0,0,0,0,0,0,0,0.75,0,0.25,0,7,3221
2018-09-07,45,45,0,11,5,25,8,6,0,0,1,0.8571,0,0.1429,0.75,0,0.25,0,7,3237
2018-09-08,45,45,0,5,2,26,8,0,0,0,3,0,0,1,0.4444,0,0.5556,0,7,3241
2018-09-09,45,45,0,0,0,25,8,0,0,0,0,0,0,0,0,0,0,0,7,3241
2018-09-10,47,47,0,16,1,29,9,1,0,0,0,1,0,0,0.7727,0,0.2273,0,7,3248
2018-09-11,52,52,0,21,3,34,11,12,0,0,0,1,0,0,0.7619,0,0.2381,0,7,3274
2018-09-12,56,56,0,21,7,36,15,36,0,0,10,0.7826,0,0.2174,0.7895,0,0.2105,0,7,3330
2018-09-13,59,59,0,19,4,38,17,2,0,0,2,0.5,0,0.5,0.8108,0,0.1892,0,7,3343
2018-09-14,61,61,0,7,2,40,14,0,0,0,2,0,0,1,0.3333,0,0.6667,0,7,3352
2018-09-15,61,61,0,1,0,38,12,0,0,0,0,0,0,0,1,0,0,0,7,3352
2018-09-16,66,66,0,7,2,43,14,1,0,0,0,1,0,0,0.6667,0,0.3333,0,7,3365
2018-09-17,68,68,0,30,6,43,15,12,0,0,1,0.9231,0,0.0769,0.9643,0,0.0357,0,7,3383
2018-09-18,68,68,0,18,1,42,15,1,0,0,0,1,0,0,0.96,0,0.04,0,7,3385
2018-09-19,73,73,0,14,5,44,15,2,0,0,6,0.25,0,0.75,0.4375,0,0.5625,0,7,3412
2018-09-20,78,78,0,27,6,48,13,33,0,0,36,0.4783,0,0.5217,0.6748,0,0.3252,0,7,3495
2018-09-21,80,80,0,28,8,50,16,8,0,0,19,0.2963,0,0.7037,0.7381,0,0.2619,0,7,3528
2018-09-22,82,82,0,7,0,52,16,0,0,0,0,0,0,0,0.6,0,0.4,0,7,3533
2018-09-23,83,83,0,5,0,52,14,0,0,0,0,0,0,0,0.6667,0,0.3333,0,7,3535
2018-09-24,90,90,0,24,6,54,17,6,0,0,7,0.4615,0,0.5385,0.619,0,0.381,0,7,3569
2018-09-25,93,93,0,24,3,56,17,3,0,0,0,1,0,0,0.8723,0,0.1277,0,7,3579
2018-09-26,97,97,0,24,5,56,17,4,0,0,6,0.4,0,0.6,0.8033,0,0.1967,0,7,3598
2018-09-27,102,102,0,26,4,57,17,3,0,0,2,0.6,0,0.4,0.8525,0,0.1475,0,7,3615
2018-09-28,105,105,0,12,2,55,12,4,0,0,1,0.8,0,0.2,0.6111,0,0.3889,0,7,3630
2018-09-29,106,106,0,5,2,55,13,0,0,0,2,0,0,1,0.3,0,0.7,0,7,3637
2018-09-30,107,107,0,2,0,54,13,0,0,0,0,0,0,0,0.3333,0,0.6667,0,7,3640
2018-10-01,111,111,0,15,4,50,14,0,0,0,7,0,0,1,0.6923,0,0.3077,0,7,3658
2018-10-02,113,113,0,23,7,50,18,11,0,0,56,0.1642,0,0.8358,0.4066,0,0.5934,0,7,3731
2018-10-03,117,117,0,17,2,53,18,0,0,0,2,0,0,1,0.5517,0,0.4483,0,7,3750
2018-10-04,120,120,0,25,4,53,20,6,0,0,0,1,0,0,0.94,0,0.06,0,7,3762
2018-10-05,126,126,0,26,6,57,21,6,0,0,19,0.24,0,0.76,0.6087,0,0.3913,0,7,3805
2018-10-06,127,127,0,11,3,57,20,3,0,0,3,0.5,0,0.5,0.8,0,0.2,0,7,3811
2018-10-07,128,128,0,8,1,58,20,0,0,0,0,0,0,0,0.875,0,0.125,0,7,3814
2018-10-08,130,130,0,19,3,57,18,0,0,0,16,0,0,1,0.4857,0,0.5143,0,7,3835
2018-10-09,132,132,0,11,3,55,17,0,0,0,4,0,0,1,0.4762,0,0.5238,0,7,3844
2018-10-10,136,136,0,24,7,57,19,20,0,0,0,1,0,0,0.9242,0,0.0758,0,7,3875
2018-10-11,140,140,0,31,12,58,24,20,0,0,33,0.3774,0,0.6226,0.6735,0,0.3265,0,10,3946
2018-10-12,142,142,0,24,7,56,22,2,0,0,92,0.0213,0,0.9787,0.2819,0.0213,0.6968,0,9,4068
2018-10-13,142,142,0,8,3,54,20,0,0,0,39,0,0,1,0.35,0,0.65,0,9,4112
2018-10-14,144,144,0,6,1,55,19,2,0,0,0,1,0,0,0.8571,0,0.1429,0,9,4119
2018-10-15,146,146,0,26,7,57,21,4,0,0,46,0.08,0,0.92,0.5283,0,0.4717,0,9,4187
2018-10-16,150,150,0,33,8,61,24,5,0,0,5,0.5,0,0.5,0.8077,0.0128,0.1795,0,9,4221
2018-10-17,151,151,0,26,8,62,22,2,0,0,103,0.019,0,0.981,0.2573,0.0117,0.731,0,9,4343
2018-10-18,152,152,0,26,5,59,19,6,0,0,33,0.1538,0,0.8462,0.4844,0,0.5156,0,9,4400
2018-10-19,155,155,0,20,7,60,19,2,0,0,14,0.125,0,0.875,0.5526,0,0.4474,0,9,4434
2018-10-20,157,157,0,6,1,58,20,0,0,0,4,0,0,1,0.6,0.0667,0.3333,0,9,4447
2018-10-21,157,157,0,8,1,61,20,0,0,0,0,0,0,0,0.6923,0.3077,0,0,9,4448
2018-10-22,161,161,0,35,9,60,20,5,29,0,16,0.1,0.58,0.32,0.4516,0.2903,0.2581,0,9,4509
2018-10-23,164,164,0,31,9,57,20,5,43,0,33,0.0617,0.5309,0.4074,0.4621,0.3182,0.2197,0,9,4601
2018-10-24,169,169,0,40,24,63,29,66,4,0,120,0.3474,0.0211,0.6316,0.608,0.0401,0.3519,0,10,4827
2018-10-25,171,171,0,62,14,83,31,33,7,0,12,0.6346,0.1346,0.2308,0.8961,0.0433,0.0606,0,10,4900
2018-10-26,174,174,0,37,9,85,34,2,5,0,12,0.1053,0.2632,0.6316,0.6701,0.134,0.1959,0,10,4956
2018-10-27,174,174,0,7,1,85,35,0,0,0,0,0,0,0,0.8182,0.0909,0.0909,0,10,4962
2018-10-28,176,176,0,15,2,85,35,2,0,0,0,1,0,0,0.9565,0,0.0435,0,10,4969
2018-10-29,177,177,0,24,6,85,36,7,0,0,9,0.4375,0,0.5625,0.831,0,0.169,0,10,5000
2018-10-30,180,180,0,33,6,87,36,1,10,0,13,0.0417,0.4167,0.5417,0.5606,0.1061,0.3333,0,10,5046
2018-10-31,185,185,0,20,6,88,30,15,0,0,0,1,0,0,0.8269,0.0385,0.1346,0,10,5091
2018-11-01,188,188,0,30,8,69,25,7,1,0,17,0.28,0.04,0.68,0.6667,0.0133,0.32,0,10,5140
2018-11-02,191,191,0,36,12,67,25,30,7,0,42,0.3797,0.0886,0.5316,0.5882,0.0882,0.3235,0,10,5238
2018-11-03,192,192,0,14,2,69,27,3,0,0,0,1,0,0,0.92,0,0.08,0,10,5245
2018-11-04,192,192,0,8,1,65,27,1,0,0,0,1,0,0,0.9167,0.0833,0,0,10,5246
2018-11-05,196,196,0,32,13,69,31,25,30,0,33,0.2841,0.3409,0.375,0.4733,0.2595,0.2672,0,10,5354
2018-11-06,198,198,0,31,8,70,32,7,50,0,0,0.1228,0.8772,0,0.5455,0.405,0.0496,0,10,5430
2018-11-07,201,201,0,34,14,70,31,12,36,0,63,0.1081,0.3243,0.5676,0.2839,0.2581,0.4581,0,10,5557
2018-11-08,203,203,0,33,12,69,31,17,11,0,4,0.5313,0.3438,0.125,0.7429,0.1524,0.1048,0,10,5618
2018-11-09,206,206,0,24,6,65,28,2,6,0,1,0.2222,0.6667,0.1111,0.7231,0.1077,0.1692,0,10,5650
2018-11-10,207,207,0,3,0,64,27,0,0,0,0,0,0,0,0.8571,0,0.1429,0,10,5659
2018-11-11,209,209,0,6,1,66,27,0,8,0,0,0,1,0,0.4167,0.3333,0.25,0,10,5675
2018-11-12,212,212,0,27,7,65,23,14,54,0,0,0.2059,0.7941,0,0.5547,0.4088,0.0365,0,11,5760
2018-11-13,214,214,0,29,5,67,23,4,1,0,0,0.8,0.2,0,0.902,0.0392,0.0588,0,11,5785
2018-11-14,216,216,0,26,7,66,21,2,4,0,0,0.3333,0.6667,0,0.9296,0.0563,0.0141,0,12,5801
2018-11-15,221,221,0,38,11,70,25,5,3,0,47,0.0909,0.0545,0.8545,0.5986,0.0282,0.3732,0,12,5885
2018-11-16,226,226,0,37,15,67,28,11,16,0,26,0.2075,0.3019,0.4906,0.6267,0.1667,0.2067,0,13,5956
2018-11-17,227,227,0,14,5,67,29,1,11,0,0,0.0833,0.9167,0,0.5185,0.4815,0,0,13,5976
2018-11-18,228,228,0,11,2,66,30,2,0,0,0,1,0,0,0.95,0,0.05,0,13,5982
2018-11-19,228,228,0,21,2,63,27,4,0,0,0,1,0,0,1,0,0,0,13,5994
2018-11-20,234,234,0,36,10,67,30,3,32,0,61,0.0313,0.3333,0.6354,0.3483,0.3933,0.2584,0,13,6106
2018-11-21,238,238,0,35,8,70,29,2,35,0,7,0.0455,0.7955,0.1591,0.6204,0.25,0.1296,0,13,6168
2018-11-22,240,240,0,15,6,68,29,1,4,0,7,0.0833,0.3333,0.5833,0.5385,0.1154,0.3462,0,13,6188
2018-11-23,242,242,0,14,1,63,21,1,0,0,0,1,0,0,0.8636,0,0.1364,0,13,6195
2018-11-24,243,243,0,9,4,64,22,0,0,0,26,0,0,1,0.4565,0.0217,0.5217,0,13,6228
2018-11-25,243,243,0,8,3,63,22,5,0,0,2,0.7143,0,0.2857,0.7826,0.087,0.1304,0,13,6238
2018-11-26,245,245,0,40,14,67,30,8,3,0,39,0.16,0.06,0.78,0.6232,0.0362,0.3406,0,13,6306
2018-11-27,247,247,0,27,8,64,28,0,1,0,26,0,0.037,0.963,0.5068,0.0685,0.4247,0,13,6356
2018-11-28,250,250,0,22,6,58,24,0,2,0,3,0,0.4,0.6,0.7755,0.0612,0.1633,0,13,6385
2018-11-29,252,252,0,34,7,63,24,0,41,0,18,0,0.6949,0.3051,0.4615,0.3407,0.1978,0,13,6451
2018-11-30,255,255,0,26,9,67,25,9,14,0,25,0.1875,0.2917,0.5208,0.4643,0.25,0.2857,0,13,6512
2018-12-01,256,256,0,8,2,66,23,2,0,0,1,0.6667,0,0.3333,0.5833,0.1667,0.25,0,13,6521
2018-12-02,258,258,0,17,6,70,27,10,0,0,1,0.9091,0,0.0909,0.8333,0,0.1667,0,13,6541
2018-12-03,261,261,0,49,16,77,24,20,46,0,21,0.2299,0.5287,0.2414,0.6584,0.2228,0.1188,0,13,6646
2018-12-04,264,264,0,80,15,103,27,22,132,0,11,0.1333,0.8,0.0667,0.6188,0.3313,0.05,0,13,6822
2018-12-05,263,263,0,77,20,107,30,57,30,0,32,0.479,0.2521,0.2689,0.7955,0.1008,0.1036,0,13,6952
2018-12-06,263,263,0,48,9,108,31,5,25,0,23,0.0943,0.4717,0.434,0.68,0.2,0.12,0,13,7009
2018-12-07,264,264,0,22,8,106,33,0,59,0,9,0,0.8676,0.1324,0.2526,0.6,0.1474,0,13,7087
2018-12-08,265,265,0,14,5,107,33,7,20,0,3,0.2333,0.6667,0.1,0.5143,0.4,0.0857,0,13,7121
2018-12-09,267,267,0,15,3,108,33,4,0,0,0,1,0,0,0.875,0,0.125,0,13,7132
2018-12-10,267,267,0,39,11,106,31,5,77,0,8,0.0556,0.8556,0.0889,0.3963,0.5,0.1037,0,13,7232
2018-12-11,270,270,0,39,8,105,29,3,70,0,1,0.0405,0.9459,0.0135,0.3931,0.5655,0.0414,0,13,7323
2018-12-12,275,275,0,43,12,86,23,28,87,0,2,0.2393,0.7436,0.0171,0.5094,0.4198,0.0708,0,13,7471
2018-12-13,276,276,0,27,8,79,23,1,142,0,4,0.0068,0.966,0.0272,0.1717,0.7929,0.0354,0,13,7624
2018-12-14,279,279,0,37,8,79,23,5,12,0,5,0.2273,0.5455,0.2273,0.6471,0.2059,0.1471,0,13,7670
2018-12-15,279,279,0,12,3,79,23,0,0,0,43,0,0,1,0.3,0.04,0.66,0,13,7715
2018-12-16,280,280,0,7,1,80,22,1,0,0,0,1,0,0,0.9167,0,0.0833,0,13,7722
2018-12-17,284,284,0,45,9,79,23,2,1,0,17,0.1,0.05,0.85,0.6421,0.0526,0.3053,0,13,7764
2018-12-18,289,289,0,41,10,82,25,18,8,0,65,0.1978,0.0879,0.7143,0.5374,0.0514,0.4112,0,14,7887
2018-12-19,291,291,0,49,8,86,27,29,0,0,9,0.7632,0,0.2368,0.8966,0.0069,0.0966,0,14,7936
2018-12-20,293,293,0,39,12,85,28,11,13,0,5,0.3793,0.4483,0.1724,0.8485,0.0606,0.0909,0,14,7973
2018-12-21,298,298,0,39,10,88,30,40,2,0,31,0.5479,0.0274,0.4247,0.7319,0.0362,0.2319,0,14,8066
2018-12-22,298,298,0,12,0,86,29,0,0,0,0,0,0,0,0.9167,0,0.0833,0,14,8068
2018-12-23,300,300,0,4,1,86,28,0,0,0,1,0,0,1,0.4286,0,0.5714,0,14,8076
2018-12-24,302,302,0,17,1,82,23,1,0,0,0,1,0,0,0.7931,0.0345,0.1724,0,14,8083
2018-12-25,304,304,0,19,3,77,23,5,0,0,2,0.7143,0,0.2857,0.8824,0,0.1176,0,14,8098
2018-12-26,305,305,0,14,5,63,21,6,0,0,6,0.5,0,0.5,0.6786,0,0.3214,0,14,8116
2018-12-27,306,306,0,19,3,59,15,8,0,0,1,0.8889,0,0.1111,0.9063,0,0.0938,0,14,8135
2018-12-28,307,307,0,11,1,49,8,1,0,0,2,0.3333,0,0.6667,0.7059,0,0.2941,0,14,8152
2018-12-29,308,308,0,9,0,47,8,0,0,0,0,0,0,0,0.8235,0.0588,0.1176,0,14,8154
2018-12-30,308,308,0,4,0,45,7,0,0,0,0,0,0,0,1,0,0,0,14,8154
2018-12-31,313,313,0,17,2,49,8,2,0,0,0,1,0,0,0.8,0,0.2,0,14,8170
2019-01-01,313,313,0,15,2,47,9,12,0,0,0,1,0,0,1,0,0,0,14,8182
2019-01-02,318,318,0,38,7,64,15,13,0,0,5,0.7222,0,0.2778,0.8605,0,0.1395,0,14,8215
2019-01-03,319,319,0,40,5,72,13,17,0,0,18,0.4857,0,0.5143,0.7857,0,0.2143,0,14,8254
2019-01-04,323,323,0,34,10,75,16,48,0,0,48,0.5,0,0.5,0.7485,0,0.2515,0,14,8364
2019-01-05,323,323,0,12,1,74,17,1,0,0,0,1,0,0,0.9333,0,0.0667,0,14,8372
2019-01-06,323,323,0,12,1,74,17,0,0,0,2,0,0,1,0.7,0,0.3,0,14,8376
2019-01-07,326,326,0,49,13,87,24,38,9,0,32,0.481,0.1139,0.4051,0.8312,0.0346,0.1342,0,14,8471
2019-01-08,328,328,0,38,4,86,24,1,1,0,4,0.1667,0.1667,0.6667,0.8696,0.0217,0.1087,0,14,8496
2019-01-09,330,330,0,55,8,94,27,16,0,0,17,0.4848,0,0.5152,0.8967,0.0109,0.0924,0,14,8542
2019-01-10,332,332,0,53,10,94,27,7,0,0,38,0.1556,0,0.8444,0.7764,0.0062,0.2174,0,14,8605
2019-01-11,334,334,0,61,14,104,30,28,5,0,33,0.4242,0.0758,0.5,0.8108,0.0495,0.1396,0,14,8692
2019-01-12,335,335,0,21,4,104,30,0,0,0,61,0,0,1,0.3333,0.0256,0.641,0,14,8763
2019-01-13,335,335,0,14,6,103,30,4,0,0,13,0.2353,0,0.7647,0.6765,0.0294,0.2941,0,14,8797
2019-01-14,343,343,0,47,10,102,33,10,0,0,8,0.5556,0,0.4444,0.8354,0,0.1646,0,14,8851
2019-01-15,345,345,0,51,15,107,36,32,5,0,27,0.5,0.0781,0.4219,0.8,0.0233,0.1767,0,14,8935
2019-01-16,348,348,0,50,18,106,39,42,9,0,64,0.3652,0.0783,0.5565,0.75,0.029,0.221,0,14,9069
2019-01-17,350,350,0,53,14,102,38,26,0,0,51,0.3377,0,0.6623,0.7438,0.0148,0.2414,0,15,9173
2019-01-18,352,352,0,48,12,96,36,10,0,0,38,0.2083,0,0.7917,0.7483,0,0.2517,0,15,9275
2019-01-19,353,353,0,10,3,93,36,0,0,0,3,0,0,1,0.619,0,0.381,0,15,9308
2019-01-20,353,353,0,8,0,96,36,0,0,0,0,0,0,0,1,0,0,0,15,9309
2019-01-21,360,360,0,35,7,97,36,23,0,0,3,0.8846,0,0.1154,0.7342,0,0.2658,0,15,9369
2019-01-22,364,364,0,49,15,99,34,15,0,0,42,0.2632,0,0.7368,0.7637,0,0.2363,0,15,9461
2019-01-23,366,366,0,45,13,98,31,59,6,0,154,0.2694,0.0274,0.7032,0.5167,0.0267,0.4567,0,15,9714
2019-01-24,368,368,0,61,16,105,33,17,28,0,164,0.0813,0.134,0.7847,0.4041,0.1507,0.4452,0,15,9948
2019-01-25,371,371,0,48,14,99,32,5,0,0,78,0.0602,0,0.9398,0.4765,0,0.5235,0,15,10080
2019-01-26,376,376,0,22,7,99,33,4,0,0,115,0.0336,0,0.9664,0.25,0,0.75,0,15,10221
2019-01-27,376,376,0,17,0,98,33,0,0,0,0,0,0,0,0.9048,0,0.0952,0,15,10226
2019-01-28,378,378,0,52,12,99,33,16,0,0,91,0.1495,0,0.8505,0.5943,0.0057,0.4,0,15,10350
2019-01-29,379,379,0,49,14,100,34,10,31,0,104,0.069,0.2138,0.7172,0.5231,0.1389,0.338,0,15,10523
2019-01-30,384,384,0,47,15,100,35,15,2,0,25,0.3571,0.0476,0.5952,0.7927,0.0104,0.1969,0,15,10614
2019-01-31,386,386,0,43,10,90,33,13,0,0,5,0.7222,0,0.2778,0.9444,0,0.0556,0,15,10650
2019-02-01,389,389,0,44,16,94,35,25,0,0,248,0.0916,0,0.9084,0.3964,0,0.6036,0,15,10971
2019-02-02,390,390,0,23,7,95,33,2,0,0,47,0.0408,0,0.9592,0.4853,0,0.5147,0,15,11038
2019-02-03,390,390,0,3,0,92,33,0,0,0,0,0,0,0,1,0,0,0,15,11044
2019-02-04,392,392,0,45,12,88,34,15,3,0,16,0.4412,0.0882,0.4706,0.8225,0.0178,0.1598,0,15,11107
2019-02-05,394,394,0,46,15,87,35,21,65,0,41,0.1654,0.5118,0.3228,0.4729,0.3791,0.148,0,15,11248
2019-02-06,398,398,0,48,21,90,38,33,2,0,62,0.3402,0.0206,0.6392,0.7273,0.013,0.2597,0,15,11391
2019-02-07,401,401,0,49,13,89,40,12,0,0,59,0.169,0,0.831,0.6036,0.0118,0.3846,0,15,11516
2019-02-08,403,403,0,54,14,93,38,35,0,0,108,0.2448,0,0.7552,0.6301,0.0091,0.3607,0,15,11687
2019-02-09,404,404,0,13,4,90,38,4,0,0,1,0.8,0,0.2,0.75,0,0.25,0,15,11703
2019-02-10,404,404,0,13,2,90,38,0,0,0,2,0,0,1,0.7273,0,0.2727,0,15,11709
2019-02-11,410,410,0,45,9,93,38,12,0,0,34,0.2609,0,0.7391,0.5581,0,0.4419,0,15,11793
2019-02-12,417,417,0,61,20,104,42,17,19,0,65,0.1683,0.1881,0.6436,0.687,0.0304,0.2826,0,15,11944
2019-02-13,421,421,0,56,13,105,39,33,3,0,11,0.7021,0.0638,0.234,0.7943,0.0426,0.1631,0,15,12043
2019-02-14,422,422,0,45,16,102,38,21,1,0,16,0.5526,0.0263,0.4211,0.83,0.02,0.15,0,15,12114
2019-02-15,424,424,0,38,8,98,37,2,2,0,194,0.0101,0.0101,0.9798,0.2585,0.0085,0.7331,0,15,12364
2019-02-16,424,424,0,17,4,100,38,11,0,0,7,0.6111,0,0.3889,1,0,0,0,15,12402
2019-02-17,425,425,0,15,2,101,40,4,0,0,0,1,0,0,0.8966,0,0.1034,0,15,12416
2019-02-18,429,429,0,32,6,101,43,6,0,0,7,0.4615,0,0.5385,0.7193,0,0.2807,0,15,12464
2019-02-19,437,437,0,57,8,101,36,9,0,0,11,0.45,0,0.55,0.8497,0,0.1503,0,15,12532
2019-02-20,439,439,0,55,10,99,35,15,21,0,38,0.2027,0.2838,0.5135,0.671,0.0839,0.2452,0,15,12636
2019-02-21,440,440,0,28,4,95,25,1,2,0,9,0.0833,0.1667,0.75,0.7037,0.0926,0.2037,0,15,12671
2019-02-22,442,442,0,28,8,99,23,5,4,0,74,0.0602,0.0482,0.8916,0.3265,0.0204,0.6531,0,15,12770
2019-02-23,443,443,0,16,4,101,23,0,2,0,19,0,0.0952,0.9048,0.4231,0.0192,0.5577,0,15,12810
2019-02-24,445,445,0,7,0,101,22,0,0,0,0,0,0,0,0.6471,0,0.3529,0,15,12818
2019-02-25,449,449,0,46,11,110,26,20,15,0,13,0.4167,0.3125,0.2708,0.7692,0.0615,0.1692,0,15,12894
2019-02-26,450,450,0,34,8,102,24,5,1,0,11,0.2941,0.0588,0.6471,0.7797,0.0678,0.1525,0,15,12937
2019-02-27,456,456,0,47,8,102,23,12,0,0,5,0.7059,0,0.2941,0.8598,0.0093,0.1308,0,15,12978
2019-02-28,456,456,0,54,15,102,27,20,15,0,71,0.1887,0.1415,0.6698,0.604,0.0792,0.3168,0,15,13107
2019-03-01,457,457,0,37,8,99,26,6,1,0,7,0.4286,0.0714,0.5,0.7763,0.0789,0.1447,0,15,13133
2019-03-02,458,458,0,5,1,93,26,0,0,0,1,0,0,1,0.9167,0,0.0833,0,15,13140
2019-03-03,459,459,0,13,2,92,27,1,0,0,10,0.0909,0,0.9091,0.5854,0.0244,0.3902,0,15,13159
2019-03-04,461,461,0,39,11,95,28,10,0,0,78,0.1136,0,0.8864,0.4078,0,0.5922,0,15,13277
2019-03-05,463,463,0,30,9,93,27,8,25,0,7,0.2,0.625,0.175,0.69,0.2,0.11,0,15,13352
2019-03-06,464,464,0,49,17,88,31,7,11,0,77,0.0737,0.1158,0.8105,0.5187,0.0802,0.4011,0,15,13467
2019-03-07,467,467,0,44,14,85,32,53,4,0,39,0.5521,0.0417,0.4063,0.6814,0.0708,0.2478,0,15,13594
2019-03-08,469,469,0,33,13,85,34,31,2,0,53,0.3605,0.0233,0.6163,0.6159,0.0671,0.3171,0,15,13697
2019-03-09,470,470,0,26,9,87,36,15,0,0,33,0.3125,0,0.6875,0.5714,0.0429,0.3857,0,15,13760
2019-03-10,470,470,0,10,4,87,37,19,0,0,1,0.95,0,0.05,0.931,0,0.069,0,16,13782
2019-03-11,473,473,0,43,10,86,36,15,0,0,32,0.3191,0,0.6809,0.7265,0.0085,0.265,0,16,13843
2019-03-12,477,477,0,41,12,89,38,15,2,0,113,0.1154,0.0154,0.8692,0.5133,0.0442,0.4425,0,16,14015
2019-03-13,478,478,0,45,16,88,36,13,13,0,177,0.064,0.064,0.8719,0.4088,0.0439,0.5473,0,16,14251
2019-03-14,484,484,0,47,9,93,33,14,0,0,9,0.6087,0,0.3913,0.8269,0.0192,0.1538,0,16,14310
2019-03-15,487,487,0,48,12,97,30,27,0,0,18,0.6,0,0.4,0.8586,0.0051,0.1364,0,16,14401
2019-03-16,491,491,0,14,2,92,31,1,0,0,1,0.5,0,0.5,0.7407,0,0.2593,0,16,14427
2019-03-17,491,491,0,11,2,93,30,0,0,0,2,0,0,1,0.913,0.0435,0.0435,0,16,14430
2019-03-18,496,496,0,45,11,94,33,35,0,0,8,0.814,0,0.186,0.9106,0,0.0894,0,16,14509
2019-03-19,498,498,0,47,14,95,32,46,1,0,59,0.434,0.0094,0.5566,0.7608,0.0096,0.2297,0,17,14665
2019-03-20,501,501,0,49,15,94,33,32,0,0,49,0.3951,0,0.6049,0.8016,0,0.1984,0,17,14810
2019-03-21,505,505,0,52,15,96,38,17,1,0,53,0.2394,0.0141,0.7465,0.6979,0.017,0.2851,0,17,14926
2019-03-22,509,509,0,47,19,100,43,15,4,0,75,0.1596,0.0426,0.7979,0.6059,0.0739,0.3202,0,18,15074
2019-03-23,511,511,0,20,7,98,42,0,0,0,23,0,0,1,0.4314,0.0392,0.5294,0,18,15114
2019-03-24,512,512,0,16,3,98,43,2,0,0,2,0.5,0,0.5,0.9057,0,0.0943,0,18,15123
2019-03-25,516,516,0,45,14,98,44,16,0,0,24,0.4,0,0.6,0.8112,0.0086,0.1803,0,18,15232
2019-03-26,519,519,0,50,20,99,48,29,20,0,33,0.3537,0.2439,0.4024,0.7523,0.1028,0.1449,0,18,15359
2019-03-27,522,522,0,49,18,100,47,22,1,0,113,0.1618,0.0074,0.8309,0.5387,0.0074,0.4539,0,18,15549
2019-03-28,523,523,0,46,13,92,44,5,6,0,149,0.0313,0.0375,0.9313,0.4385,0.0328,0.5287,0,18,15754
2019-03-29,525,525,0,45,14,91,42,5,28,0,55,0.0568,0.3182,0.625,0.4667,0.2,0.3333,0,18,15901
2019-03-30,527,527,0,19,6,92,43,7,0,0,3,0.7,0,0.3,0.9231,0,0.0769,0,18,15949
2019-03-31,527,527,0,17,2,95,42,1,0,0,2,0.3333,0,0.6667,0.9118,0.0294,0.0588,0,18,15959
2019-04-01,531,531,0,46,14,102,43,19,21,0,10,0.38,0.42,0.2,0.7356,0.1494,0.1149,0,18,16071
2019-04-02,535,535,0,55,19,106,45,16,136,0,93,0.0653,0.5551,0.3796,0.352,0.3714,0.2766,0,18,16362
2019-04-03,540,540,0,57,16,111,40,5,2,0,148,0.0323,0.0129,0.9548,0.4179,0.0202,0.562,0,18,16586
2019-04-04,544,544,0,48,11,110,37,5,22,0,24,0.098,0.4314,0.4706,0.5038,0.2406,0.2556,0,18,16672
2019-04-05,546,546,0,37,7,103,35,2,0,0,31,0.0606,0,0.9394,0.7253,0.022,0.2527,0,18,16714
2019-04-06,549,549,0,29,7,104,36,14,0,0,4,0.7778,0,0.2222,0.8947,0,0.1053,0,18,16742
2019-04-07,551,551,0,12,2,102,37,3,0,0,1,0.75,0,0.25,0.8,0,0.2,0,18,16755
2019-04-08,554,554,0,55,17,107,38,49,19,0,78,0.3356,0.1301,0.5342,0.6217,0.125,0.2533,0,19,16937
2019-04-09,555,555,0,47,15,103,34,23,12,0,48,0.2771,0.1446,0.5783,0.6761,0.0751,0.2488,0,19,17060
2019-04-10,558,558,0,50,10,102,34,2,7,0,46,0.0364,0.1273,0.8364,0.6703,0.0769,0.2527,0,19,17222
2019-04-11,560,560,0,44,11,98,35,5,3,0,78,0.0581,0.0349,0.907,0.4161,0.0497,0.5342,0,19,17357
2019-04-12,563,563,0,46,9,104,37,4,1,0,86,0.044,0.011,0.9451,0.4686,0.0343,0.4971,0,19,17485
2019-04-13,563,563,0,15,6,100,35,2,0,0,14,0.125,0,0.875,0.68,0,0.32,0,19,17504
2019-04-14,563,563,0,21,2,101,36,1,0,0,1,0.5,0,0.5,1,0,0,0,19,17508
2019-04-15,572,572,0,57,11,106,36,16,11,0,58,0.1882,0.1294,0.6824,0.6479,0.1127,0.2394,0,19,17634
2019-04-16,573,573,0,125,10,156,28,16,0,0,40,0.2857,0,0.7143,0.8387,0.0251,0.1362,0,19,17710
2019-04-17,577,577,0,65,14,167,32,47,0,0,53,0.47,0,0.53,0.7491,0,0.2509,0,19,18316
2019-04-18,580,580,0,56,15,175,34,20,0,0,18,0.5263,0,0.4737,0.8396,0,0.1604,0,19,18667
2019-04-19,584,584,0,53,16,182,41,47,8,0,160,0.2186,0.0372,0.7442,0.4895,0.0721,0.4384,0,20,18921
2019-04-20,584,584,0,19,3,181,41,2,3,0,4,0.2222,0.3333,0.4444,0.8611,0.1111,0.0278,0,20,18950
2019-04-21,584,584,0,11,3,182,41,0,0,0,5,0,0,1,0.7647,0.1176,0.1176,0,20,18963
2019-04-22,589,589,0,44,9,184,42,3,0,0,48,0.0588,0,0.9412,0.6016,0.0313,0.3672,0,20,19060
2019-04-23,595,595,0,69,19,141,45,38,26,0,112,0.2159,0.1477,0.6364,0.662,0.0939,0.2441,0,20,19295
2019-04-24,599,599,0,70,16,136,44,21,12,0,306,0.0619,0.0354,0.9027,0.4869,0.0403,0.4729,0,20,19700
2019-04-25,602,602,0,58,10,126,36,27,1,0,71,0.2727,0.0101,0.7172,0.7603,0.015,0.2247,0,20,19843
2019-04-26,606,606,0,55,10,122,35,2,1,0,61,0.0313,0.0156,0.9531,0.7049,0.0273,0.2678,0,20,19930
2019-04-27,606,606,0,9,2,123,36,3,0,0,0,1,0,0,0.8333,0,0.1667,0,20,19937
2019-04-28,607,607,0,22,2,126,37,4,0,0,0,1,0,0,0.8947,0.0263,0.0789,0,20,19949
2019-04-29,610,610,0,52,8,124,40,15,0,0,10,0.6,0,0.4,0.8933,0.0067,0.1,0,20,20001
2019-04-30,612,612,0,118,17,154,42,8,6,0,64,0.1026,0.0769,0.8205,0.7564,0.0659,0.1777,0,20,20124
2019-05-01,614,614,0,56,8,159,39,4,1,0,17,0.1818,0.0455,0.7727,0.7279,0.0588,0.2132,0,20,20173
2019-05-02,622,622,0,71,17,174,45,20,6,0,27,0.3774,0.1132,0.5094,0.781,0.0868,0.1322,0,20,20273
2019-05-03,624,624,0,64,17,180,48,17,4,0,35,0.3036,0.0714,0.625,0.6983,0.0744,0.2273,0,20,20373
2019-05-04,626,626,0,11,2,181,49,0,0,0,2,0,0,1,0.7667,0,0.2333,0,20,20393
2019-05-05,628,628,0,16,3,183,48,12,0,0,0,1,0,0,0.9118,0,0.0882,0,20,20416
2019-05-06,630,630,0,57,13,185,46,6,5,0,11,0.2727,0.2273,0.5,0.8618,0.0329,0.1053,0,20,20466
2019-05-07,633,633,0,72,14,151,44,5,8,0,39,0.0962,0.1538,0.75,0.7661,0.0413,0.1927,0,20,20546
2019-05-08,635,635,0,62,8,139,44,6,1,0,1,0.75,0.125,0.125,0.891,0.0385,0.0705,0,20,20596
2019-05-09,639,639,0,59,8,126,41,3,8,0,4,0.2,0.5333,0.2667,0.838,0.0915,0.0704,0,20,20634
2019-05-10,640,640,0,42,8,123,36,17,6,0,1,0.7083,0.25,0.0417,0.8359,0.125,0.0391,0,20,20680
2019-05-11,641,641,0,14,0,125,34,0,0,0,0,0,0,0,0.9615,0,0.0385,0,20,20689
2019-05-12,642,642,0,26,2,130,35,6,0,0,0,1,0,0,0.9375,0.0208,0.0417,0,20,20705
2019-05-13,644,644,0,64,14,133,34,15,0,0,29,0.3409,0,0.6591,0.8396,0.0142,0.1462,0,20,20767
2019-05-14,652,652,0,64,13,137,32,22,0,0,45,0.3284,0,0.6716,0.7782,0,0.2218,0,20,20902
2019-05-15,656,656,0,52,6,134,30,2,0,0,16,0.1111,0,0.8889,0.8667,0,0.1333,0,20,20955
2019-05-16,658,658,0,42,10,132,32,22,0,0,11,0.6667,0,0.3333,0.8974,0,0.1026,0,20,21019
2019-05-17,661,661,0,54,26,131,39,75,23,0,155,0.2964,0.0909,0.6126,0.5654,0.0909,0.3437,0,20,21308
2019-05-18,661,661,0,19,6,128,41,5,1,0,36,0.119,0.0238,0.8571,0.4188,0,0.5812,0,20,21368
2019-05-19,661,661,0,7,1,119,42,1,0,0,0,1,0,0,1,0,0,0,20,21374
2019-05-20,664,664,0,55,8,117,40,9,5,0,2,0.5625,0.3125,0.125,0.9013,0.0329,0.0658,0,20,21425
2019-05-21,669,669,0,56,13,119,40,16,1,0,38,0.2909,0.0182,0.6909,0.7713,0.0078,0.2209,0,20,21551
2019-05-22,673,673,0,51,10,116,45,11,1,0,21,0.3333,0.0303,0.6364,0.8322,0.014,0.1538,0,20,21633
2019-05-23,675,675,0,62,17,111,47,17,8,0,39,0.2656,0.125,0.6094,0.74,0.124,0.136,0,20,21721
2019-05-24,678,678,0,65,12,115,41,14,5,0,9,0.5,0.1786,0.3214,0.9091,0.0356,0.0553,0,20,21774
2019-05-25,679,679,0,28,2,114,38,2,1,0,0,0.6667,0.3333,0,0.9394,0.0455,0.0152,0,20,21786
2019-05-26,680,680,0,23,1,117,37,0,0,0,1,0,0,1,0.8696,0.0217,0.1087,0,20,21808
2019-05-27,685,685,0,40,15,117,44,22,0,0,68,0.2444,0,0.7556,0.6357,0.0039,0.3605,0,20,21928
2019-05-28,687,687,0,78,26,127,49,68,6,0,86,0.425,0.0375,0.5375,0.66,0.0282,0.3119,0,21,22108
2019-05-29,690,690,0,65,18,126,50,17,0,0,118,0.1259,0,0.8741,0.576,0.0068,0.4172,0,21,22276
2019-05-30,693,693,0,58,7,127,45,14,0,0,2,0.875,0,0.125,0.882,0.0112,0.1067,0,21,22327
2019-05-31,696,696,0,59,12,125,44,23,0,0,8,0.7419,0,0.2581,0.8844,0.0151,0.1005,0,21,22402
2019-06-01,696,696,0,16,4,123,44,4,0,0,1,0.8,0,0.2,1,0,0,0,21,22428
2019-06-02,697,697,0,23,5,123,46,6,0,0,10,0.375,0,0.625,0.7838,0,0.2162,0,21,22458
2019-06-03,702,702,0,61,13,129,44,15,2,0,26,0.3488,0.0465,0.6047,0.8148,0.0074,0.1778,0,21,22560
2019-06-04,703,703,0,68,9,124,34,11,0,0,5,0.6875,0,0.3125,0.9241,0.0063,0.0696,0,21,22600
2019-06-05,708,708,0,72,13,127,35,71,0,0,25,0.7396,0,0.2604,0.8152,0.0033,0.1815,0,21,22736
2019-06-06,709,709,0,67,14,126,37,20,1,0,16,0.5405,0.027,0.4324,0.851,0.0288,0.1202,0,21,22796
2019-06-07,712,712,0,58,11,126,39,19,2,0,13,0.5588,0.0588,0.3824,0.8571,0.0143,0.1286,0,21,22875
2019-06-08,712,712,0,16,2,125,39,1,0,0,2,0.3333,0,0.6667,0.9032,0,0.0968,0,21,22901
2019-06-09,712,712,0,18,0,126,38,0,0,0,0,0,0,0,0.9459,0.027,0.027,0,21,22910
2019-06-10,714,714,0,51,4,125,34,3,2,0,4,0.3333,0.2222,0.4444,0.8718,0.0256,0.1026,0,21,22951
2019-06-11,717,717,0,59,6,122,34,10,0,0,4,0.7143,0,0.2857,0.9074,0.0123,0.0802,0,21,22991
2019-06-12,722,722,0,53,4,117,27,2,0,0,12,0.1429,0,0.8571,0.8031,0,0.1969,0,21,23037
2019-06-13,724,724,0,51,6,113,26,6,0,0,28,0.1765,0,0.8235,0.7446,0,0.2554,0,21,23098
2019-06-14,725,725,0,53,15,111,31,17,7,0,10,0.5,0.2059,0.2941,0.8423,0.0896,0.0681,0,21,23151
2019-06-15,725,725,0,16,0,112,29,0,0,0,0,0,0,0,0.8529,0.0882,0.0588,0,21,23159
2019-06-16,726,726,0,8,0,109,29,0,0,0,0,0,0,0,0.875,0,0.125,0,21,23174
2019-06-17,729,729,0,48,6,105,28,3,2,0,6,0.2727,0.1818,0.5455,0.7966,0.1102,0.0932,0,21,23208
2019-06-18,733,733,0,50,7,100,25,10,0,0,7,0.5882,0,0.4118,0.8618,0,0.1382,0,21,23254
2019-06-19,737,737,0,46,4,103,26,1,1,0,11,0.0769,0.0769,0.8462,0.6636,0.0455,0.2909,0,21,23305
2019-06-20,741,741,0,53,10,106,27,9,1,0,30,0.225,0.025,0.75,0.6745,0.0613,0.2642,0,21,23369
2019-06-21,745,745,0,42,8,112,21,0,20,0,31,0,0.3922,0.6078,0.4372,0.2459,0.3169,0,21,23465
2019-06-22,745,745,0,13,1,111,21,1,0,0,0,1,0,0,0.7917,0.2083,0,0,21,23469
2019-06-23,746,746,0,14,0,113,21,0,0,0,0,0,0,0,0.85,0.1,0.05,0,21,23487
2019-06-24,749,749,0,56,9,118,24,1,12,0,43,0.0179,0.2143,0.7679,0.5561,0.1121,0.3318,0,21,23572
2019-06-25,752,752,0,36,7,120,27,1,2,0,27,0.0333,0.0667,0.9,0.531,0.0354,0.4336,0,21,23628
2019-06-26,755,755,0,61,11,120,31,12,0,0,9,0.5714,0,0.4286,0.8774,0.0142,0.1085,0,21,23669
2019-06-27,758,758,0,59,10,121,31,14,0,0,22,0.3889,0,0.6111,0.7974,0.0176,0.185,0,21,23731
2019-06-28,760,760,0,50,12,118,32,5,4,0,10,0.2632,0.2105,0.5263,0.745,0.0671,0.1879,0,21,23771
2019-06-29,760,760,0,15,0,121,32,0,0,0,0,0,0,0,1,0,0,0,21,23775
2019-06-30,760,760,0,7,1,119,33,0,0,0,4,0,0,1,0.6667,0.0667,0.2667,0,21,23784
2019-07-01,762,762,0,38,5,108,30,0,16,0,1,0,0.9412,0.0588,0.6522,0.313,0.0348,0,21,23846
2019-07-02,767,767,0,65,11,120,32,14,1,0,6,0.6667,0.0476,0.2857,0.9227,0.0343,0.0429,0,21,23889
2019-07-03,770,770,0,63,11,122,31,13,0,0,40,0.2453,0,0.7547,0.7888,0.0033,0.2079,0,21,23967
2019-07-04,772,772,0,36,10,119,27,14,1,0,4,0.7368,0.0526,0.2105,0.8933,0.0267,0.08,0,21,24022
2019-07-05,774,774,0,33,7,108,23,11,0,0,20,0.3548,0,0.6452,0.6827,0,0.3173,0,21,24068
2019-07-06,775,775,0,10,1,104,24,1,0,0,0,1,0,0,0.8571,0,0.1429,0,21,24079
2019-07-07,777,777,0,17,4,104,26,3,0,0,1,0.75,0,0.25,0.8276,0,0.1724,0,21,24090
2019-07-08,784,784,0,63,22,115,38,18,1,0,51,0.2571,0.0143,0.7286,0.5714,0.0075,0.4211,0,21,24200
2019-07-09,789,789,0,48,7,108,36,7,2,0,3,0.5833,0.1667,0.25,0.8603,0.0147,0.125,0,21,24244
2019-07-10,792,792,0,39,9,106,35,1,1,0,38,0.025,0.025,0.95,0.3488,0.0465,0.6047,0,21,24294
2019-07-11,798,798,0,56,11,110,35,4,0,0,26,0.1333,0,0.8667,0.7158,0,0.2842,0,21,24360
2019-07-12,800,800,0,74,9,123,34,7,3,0,36,0.1522,0.0652,0.7826,0.7143,0.0414,0.2444,0,21,24443
2019-07-13,803,803,0,17,5,126,37,4,1,0,4,0.4444,0.1111,0.4444,0.75,0.0455,0.2045,0,21,24462
2019-07-14,804,804,0,22,4,130,37,2,1,0,1,0.5,0.25,0.25,0.8491,0.0755,0.0755,0,21,24472
2019-07-15,807,807,0,71,14,140,33,7,3,0,26,0.1944,0.0833,0.7222,0.7225,0.0471,0.2304,0,21,24535
2019-07-16,811,811,0,57,9,145,34,6,6,0,25,0.1622,0.1622,0.6757,0.6584,0.0621,0.2795,0,21,24606
2019-07-17,813,813,0,72,11,145,38,5,0,0,39,0.1136,0,0.8864,0.6667,0.023,0.3103,0,21,24683
2019-07-18,818,818,0,60,10,144,39,11,0,0,24,0.3143,0,0.6857,0.8356,0,0.1644,0,21,24772
2019-07-19,828,828,0,62,10,138,42,14,0,0,14,0.5,0,0.5,0.8313,0,0.1688,0,21,24832
2019-07-20,832,832,0,18,1,139,40,0,0,0,1,0,0,1,0.8649,0,0.1351,0,21,24850
2019-07-21,834,834,0,14,2,141,37,0,0,0,9,0,0,1,0.5789,0,0.4211,0,21,24872
2019-07-22,836,836,0,64,6,141,33,12,0,0,6,0.6667,0,0.3333,0.9268,0.0049,0.0683,0,21,24923
2019-07-23,840,840,0,75,8,147,32,7,1,0,27,0.2,0.0286,0.7714,0.7713,0.0179,0.2108,0,21,24991
2019-07-24,847,847,0,73,12,155,31,11,0,0,18,0.3793,0,0.6207,0.8267,0,0.1733,0,21,25050
2019-07-25,851,851,0,72,6,155,29,5,0,0,16,0.2381,0,0.7619,0.775,0.0063,0.2188,0,21,25093
2019-07-26,852,852,0,68,12,148,31,5,20,0,74,0.0505,0.202,0.7475,0.3691,0.1678,0.4631,0,21,25209
2019-07-27,854,854,0,11,1,151,31,0,0,0,1,0,0,1,0.6957,0.1304,0.1739,0,21,25227
2019-07-28,856,856,0,25,3,154,32,1,0,0,81,0.0122,0,0.9878,0.1623,0,0.8377,0,21,25334
2019-07-29,859,859,0,71,6,153,32,5,0,0,7,0.4167,0,0.5833,0.8477,0.0132,0.1391,0,21,25378
2019-07-30,861,861,0,69,12,148,35,8,0,0,10,0.4444,0,0.5556,0.8289,0.0214,0.1497,0,21,25423
2019-07-31,865,865,0,73,14,145,37,7,0,0,96,0.068,0,0.932,0.4716,0.003,0.5254,0,21,25554
2019-08-01,870,870,0,65,8,142,38,2,0,0,48,0.04,0,0.96,0.5607,0,0.4393,0,21,25644
2019-08-02,871,871,0,27,5,132,30,0,0,0,14,0,0,1,0.5857,0,0.4143,0,21,25683
2019-08-03,872,872,0,28,1,133,31,4,0,0,0,1,0,0,0.9556,0,0.0444,0,21,25696
2019-08-04,874,874,0,9,0,132,29,0,0,0,0,0,0,0,0.8,0,0.2,0,21,25705
2019-08-05,883,883,0,65,9,139,34,5,1,0,24,0.1667,0.0333,0.8,0.6629,0.0171,0.32,0,21,25788
2019-08-06,885,885,0,73,16,146,36,3,3,0,116,0.0246,0.0246,0.9508,0.292,0.0468,0.6612,0,21,25964
2019-08-07,889,889,0,65,10,139,31,10,0,0,19,0.3448,0,0.6552,0.8166,0.0087,0.1747,0,21,26034
2019-08-08,897,897,0,155,13,197,35,21,0,0,29,0.42,0,0.58,0.8634,0.0062,0.1304,0,21,26133
2019-08-09,898,898,0,77,3,220,34,3,0,0,1,0.75,0,0.25,0.9517,0,0.0483,0,21,26163
2019-08-10,900,900,0,13,0,222,34,0,0,0,0,0,0,0,0.9091,0,0.0909,0,21,26172
2019-08-11,900,900,0,22,1,224,34,1,0,0,0,1,0,0,0.973,0,0.027,0,21,26182
2019-08-12,903,903,0,68,10,222,34,4,0,0,22,0.1538,0,0.8462,0.703,0,0.297,0,21,26239
2019-08-13,907,907,0,61,9,225,32,16,1,0,37,0.2963,0.0185,0.6852,0.6591,0.0273,0.3136,0,21,26334
2019-08-14,910,910,0,47,9,226,29,11,0,0,44,0.2,0,0.8,0.4815,0.0062,0.5123,0,21,26422
2019-08-15,915,915,0,52,8,169,24,2,3,0,11,0.125,0.1875,0.6875,0.6337,0.099,0.2673,0,21,26467
2019-08-16,918,918,0,69,11,143,25,5,8,0,10,0.2174,0.3478,0.4348,0.7474,0.134,0.1186,0,21,26515
2019-08-17,919,919,0,20,1,143,25,0,0,0,1,0,0,1,0.8889,0.0222,0.0889,0,21,26528
2019-08-18,919,919,0,34,4,146,27,3,0,0,14,0.1765,0,0.8235,0.6944,0.0278,0.2778,0,21,26547
2019-08-19,920,920,0,87,19,143,27,8,0,0,75,0.0964,0,0.9036,0.5309,0.0098,0.4593,0,21,26662
2019-08-20,923,923,0,51,10,146,26,0,0,0,94,0,0,1,0.3502,0.0039,0.6459,0,21,26794
2019-08-21,925,925,0,83,20,148,34,10,12,0,40,0.1613,0.1935,0.6452,0.6132,0.1038,0.283,0,21,26883
2019-08-22,926,926,0,81,14,145,35,18,55,0,35,0.1667,0.5093,0.3241,0.4638,0.3691,0.1671,0,21,27023
2019-08-23,928,928,0,62,8,147,37,5,3,0,15,0.2174,0.1304,0.6522,0.7438,0.0938,0.1625,0,21,27096
2019-08-24,929,929,0,14,1,146,37,0,0,0,7,0,0,1,0.6552,0,0.3448,0,21,27113
2019-08-25,929,929,0,10,2,144,37,1,1,0,0,0.5,0.5,0,0.7273,0.2727,0,0,21,27127
2019-08-26,931,931,0,74,9,148,33,3,0,0,23,0.1154,0,0.8846,0.7134,0.0244,0.2622,0,21,27180
2019-08-27,936,936,0,74,17,150,35,13,1,0,47,0.2131,0.0164,0.7705,0.629,0.0548,0.3161,0,21,27290
2019-08-28,938,938,0,83,12,158,33,16,0,0,48,0.25,0,0.75,0.7275,0.0245,0.248,0,21,27426
2019-08-29,944,944,0,79,11,159,35,4,4,0,9,0.2353,0.2353,0.5294,0.8102,0.0648,0.125,0,21,27426
2019-08-30,946,946,0,73,14,155,20,17,14,0,72,0.165,0.1359,0.699,0.4753,0.142,0.3827,0,21,27569
2019-08-31,947,947,0,22,2,155,35,0,0,0,2,0,0,1,0.8611,0.0278,0.1111,0,21,27577
2019-09-01,947,947,0,33,4,153,37,1,0,0,12,0.0769,0,0.9231,0.6667,0,0.3333,0,21,27592
2019-09-02,948,948,0,43,3,146,36,4,0,0,1,0.8,0,0.2,0.9271,0.0104,0.0625,0,21,27631
2019-09-03,952,952,0,71,8,149,28,9,0,0,28,0.2432,0,0.7568,0.6821,0.0103,0.3077,0,21,27703
2019-09-04,957,957,0,72,11,144,26,3,3,0,22,0.1071,0.1071,0.7857,0.7225,0.0478,0.2297,0,21,27766
2019-09-05,957,957,0,67,9,137,25,17,1,0,5,0.7391,0.0435,0.2174,0.9249,0.0329,0.0423,0,21,27814
2019-09-06,962,962,0,81,11,141,23,12,1,0,22,0.3429,0.0286,0.6286,0.7639,0.0463,0.1898,0,21,27876
2019-09-07,963,963,0,21,1,138,23,1,0,0,0,1,0,0,0.9565,0.0217,0.0217,0,21,27883
2019-09-08,964,964,0,27,4,134,22,3,0,0,5,0.375,0,0.625,0.8065,0,0.1935,0,21,27919
2019-09-09,967,967,0,65,12,142,27,19,3,0,50,0.2639,0.0417,0.6944,0.5992,0.0382,0.3626,0,21,28038
2019-09-10,970,970,0,84,21,141,37,21,2,0,24,0.4468,0.0426,0.5106,0.7791,0.046,0.1748,0,21,28128
2019-09-11,972,972,0,76,7,143,37,18,5,0,2,0.72,0.2,0.08,0.9083,0.0349,0.0568,0,21,28188
2019-09-12,974,974,0,53,6,141,35,1,3,0,45,0.0204,0.0612,0.9184,0.3779,0.1047,0.5174,0,21,28257
2019-09-13,976,976,0,73,19,135,40,26,1,0,87,0.2281,0.0088,0.7632,0.5217,0.0435,0.4348,0,21,28390
2019-09-14,976,976,0,24,5,133,41,3,2,0,1,0.5,0.3333,0.1667,0.7846,0.1538,0.0615,0,21,28402
2019-09-15,976,976,0,13,0,133,40,0,0,0,0,0,0,0,0.8,0.15,0.05,0,21,28408
2019-09-16,978,978,0,68,10,133,37,8,12,0,31,0.1569,0.2353,0.6078,0.5092,0.2454,0.2454,0,21,28480
2019-09-17,979,979,0,74,12,133,35,13,4,0,1,0.7222,0.2222,0.0556,0.8316,0.1327,0.0357,0,21,28538
2019-09-18,982,982,0,95,19,138,36,21,8,0,41,0.3,0.1143,0.5857,0.7189,0.102,0.1791,0,21,28666
2019-09-19,983,983,0,86,15,143,38,17,12,0,24,0.3208,0.2264,0.4528,0.7396,0.1278,0.1327,0,21,28748
2019-09-20,986,986,0,59,7,152,29,9,4,0,10,0.3913,0.1739,0.4348,0.7041,0.1786,0.1173,0,21,28801
2019-09-21,987,987,0,18,1,154,28,0,0,0,1,0,0,1,0.8889,0.0278,0.0833,0,21,28811
2019-09-22,988,988,0,24,1,151,28,6,1,0,0,0.8571,0.1429,0,0.8958,0.0833,0.0208,0,21,28831
2019-09-23,989,989,0,87,5,165,29,10,0,0,2,0.8333,0,0.1667,0.9145,0.0372,0.0483,0,21,28882
2019-09-24,989,989,0,75,3,164,30,4,0,0,0,1,0,0,0.976,0.012,0.012,0,21,28902
2019-09-25,989,989,0,68,7,152,27,17,0,0,56,0.2329,0,0.7671,0.7093,0,0.2907,0,21,29004
2019-09-26,989,989,0,74,11,148,26,8,3,0,31,0.1905,0.0714,0.7381,0.6908,0.0522,0.257,0,21,29060
2019-09-27,989,989,0,66,6,141,25,3,2,0,2,0.4286,0.2857,0.2857,0.8836,0.0822,0.0342,0,21,29090
2019-09-28,989,989,0,8,1,142,24,1,0,0,0,1,0,0,0.9412,0,0.0588,0,21,29097
2019-09-29,989,989,0,15,0,146,24,0,0,0,0,0,0,0,0.9615,0,0.0385,0,21,29109
2019-09-30,989,989,0,56,4,130,22,9,2,0,2,0.6923,0.1538,0.1538,0.8611,0.0903,0.0486,0,21,29144
2019-10-01,989,989,0,64,9,134,23,18,0,0,60,0.2308,0,0.7692,0.5833,0.0119,0.4048,0,21,29254
2019-10-02,989,989,0,59,7,137,21,18,4,0,11,0.5455,0.1212,0.3333,0.8896,0.0061,0.1043,0,21,29301
2019-10-03,989,989,0,62,6,129,19,6,2,0,2,0.6,0.2,0.2,0.8599,0.1146,0.0255,0,21,29319
2019-10-04,988,988,0,68,9,131,19,18,1,0,6,0.72,0.04,0.24,0.9132,0.0413,0.0455,0,21,29373
2019-10-05,988,988,0,19,0,132,19,0,0,0,0,0,0,0,0.9333,0.0667,0,0,21,29374
2019-10-06,988,988,0,17,3,127,19,1,0,0,11,0.0833,0,0.9167,0.6512,0,0.3488,0,21,29398
2019-10-07,988,988,0,59,5,127,21,9,0,0,1,0.9,0,0.1,0.9286,0.0195,0.0519,0,21,29416
2019-10-08,988,988,0,60,6,130,20,8,0,0,12,0.4,0,0.6,0.8768,0.0049,0.1182,0,21,29444
2019-10-09,988,988,0,62,6,129,20,7,0,0,22,0.2414,0,0.7586,0.7636,0.0303,0.2061,0,21,29485
2019-10-10,988,988,0,62,4,129,19,5,1,0,57,0.0794,0.0159,0.9048,0.5397,0.0167,0.4435,0,21,29570
2019-10-11,988,988,0,56,7,121,20,5,0,0,12,0.2941,0,0.7059,0.8571,0.015,0.1278,0,21,29599
2019-10-12,988,988,0,28,2,122,20,2,0,0,0,1,0,0,0.9455,0.0545,0,0,21,29612
2019-10-13,988,988,0,14,1,122,20,1,0,0,0,1,0,0,0.963,0,0.037,0,21,29627
2019-10-14,988,988,0,45,4,120,19,5,1,0,1,0.7143,0.1429,0.1429,0.91,0.06,0.03,0,21,29654
2019-10-15,990,990,0,68,9,124,19,10,0,0,8,0.5556,0,0.4444,0.9306,0.0058,0.0636,0,21,29698
2019-10-16,993,993,0,70,9,122,18,3,0,0,64,0.0448,0,0.9552,0.4686,0.0084,0.523,0,21,29790
2019-10-17,998,998,0,72,16,122,24,23,5,0,13,0.561,0.122,0.3171,0.7782,0.1053,0.1165,0,21,29868
2019-10-18,1000,1000,0,67,6,122,25,14,2,0,22,0.3684,0.0526,0.5789,0.7232,0.0804,0.1964,0,21,29931
2019-10-19,1001,1001,0,26,5,120,26,3,3,0,1,0.4286,0.4286,0.1429,0.7467,0.16,0.0933,0,21,29947
2019-10-20,1002,1002,0,20,0,124,26,0,0,0,0,0,0,0,0.8235,0,0.1765,0,21,29953
2019-10-21,1004,1004,0,76,11,138,31,19,1,0,17,0.5135,0.027,0.4595,0.8268,0.0394,0.1339,0,21,30023
2019-10-22,1004,1004,0,62,7,133,29,9,0,0,8,0.5294,0,0.4706,0.8389,0.0604,0.1007,0,21,30062
2019-10-23,1009,1009,0,107,17,155,36,62,9,0,107,0.3483,0.0506,0.6011,0.5905,0.0685,0.3409,0,21,30282
2019-10-24,1015,1015,0,90,14,165,34,7,4,0,30,0.1707,0.0976,0.7317,0.7522,0.0548,0.1931,0,21,30366
2019-10-25,1019,1019,0,80,14,167,37,24,3,0,20,0.5106,0.0638,0.4255,0.7893,0.0472,0.1635,0,21,30458
2019-10-26,1019,1019,0,22,2,169,35,0,0,0,3,0,0,1,0.8571,0,0.1429,0,21,30470
2019-10-27,1019,1019,0,25,5,170,35,6,0,0,5,0.5455,0,0.4545,0.8395,0,0.1605,0,21,30492
2019-10-28,1020,1020,0,82,6,174,30,13,1,0,8,0.5909,0.0455,0.3636,0.8733,0.0317,0.095,0,21,30547
2019-10-29,1024,1024,0,82,7,181,32,18,0,0,24,0.4286,0,0.5714,0.8045,0.017,0.1785,0,21,30626
2019-10-30,1026,1026,0,81,7,167,30,7,0,0,20,0.2593,0,0.7407,0.8226,0.0092,0.1682,0,21,30702
2019-10-31,1028,1028,0,73,8,154,28,6,1,0,23,0.2,0.0333,0.7667,0.7489,0.0502,0.2009,0,21,30759
2019-11-01,1029,1029,0,40,11,152,28,4,2,0,11,0.2353,0.1176,0.6471,0.6196,0.1522,0.2283,0,21,30794
2019-11-02,1031,1031,0,13,1,149,27,0,1,0,1,0,0.5,0.5,0.5882,0.2059,0.2059,0,21,30809
2019-11-03,1034,1034,0,16,1,154,26,0,0,0,3,0,0,1,0.7368,0.0263,0.2368,0,21,30825
2019-11-04,1037,1037,0,48,7,149,25,11,0,0,9,0.55,0,0.45,0.7459,0.0164,0.2377,0,21,30890
2019-11-05,1039,1039,0,43,6,148,20,3,5,0,0,0.375,0.625,0,0.6731,0.2885,0.0385,0,21,30941
2019-11-06,1042,1042,0,58,6,146,20,7,2,0,2,0.6364,0.1818,0.1818,0.8254,0.0952,0.0794,0,21,30990
2019-11-07,1044,1044,0,87,8,148,24,8,2,0,7,0.4706,0.1176,0.4118,0.8299,0.0664,0.1037,0,21,31031
2019-11-08,1046,1046,0,69,6,146,20,4,5,0,3,0.3333,0.4167,0.25,0.8794,0.0452,0.0754,0,21,31065
2019-11-09,1046,1046,0,31,2,148,20,3,0,0,1,0.75,0,0.25,0.9038,0.0769,0.0192,0,21,31076
2019-11-10,1047,1047,0,23,3,150,21,3,0,0,0,1,0,0,0.9592,0.0204,0.0204,0,21,31091
2019-11-11,1049,1049,0,63,8,142,21,9,0,0,29,0.2368,0,0.7632,0.7303,0.0124,0.2573,0,21,31141
2019-11-12,1051,1051,0,66,3,140,21,3,0,0,1,0.75,0,0.25,0.9351,0.0054,0.0595,0,21,31195
2019-11-13,1053,1053,0,82,14,141,23,23,0,0,38,0.377,0,0.623,0.7825,0.0056,0.2119,0,21,31312
2019-11-14,1054,1054,0,75,18,132,27,19,8,0,54,0.2346,0.0988,0.6667,0.5714,0.1403,0.2883,0,21,31427
2019-11-15,1058,1058,0,67,18,134,33,20,4,0,103,0.1575,0.0315,0.811,0.495,0.0693,0.4356,0,21,31623
2019-11-16,1059,1059,0,34,4,135,34,1,0,0,5,0.1667,0,0.8333,0.8049,0.0244,0.1707,0,21,31638
2019-11-17,1061,1061,0,32,8,136,37,12,0,0,4,0.75,0,0.25,0.8617,0.0106,0.1277,0,21,31667
2019-11-18,1063,1063,0,89,18,141,39,20,0,0,24,0.4545,0,0.5455,0.8246,0.01,0.1654,0,21,31742
2019-11-19,1063,1063,0,84,11,146,41,19,0,0,10,0.6552,0,0.3448,0.8932,0.0214,0.0855,0,21,31819
2019-11-20,1066,1066,0,87,11,149,44,26,2,0,14,0.619,0.0476,0.3333,0.8675,0.026,0.1065,0,22,31933
2019-11-21,1070,1070,0,77,18,149,47,17,7,0,6,0.5667,0.2333,0.2,0.7826,0.1538,0.0635,0,22,31997
2019-11-22,1075,1075,0,69,13,151,46,10,0,0,47,0.1754,0,0.8246,0.658,0.0195,0.3225,0,22,32090
2019-11-23,1075,1075,0,34,3,150,46,2,0,0,4,0.3333,0,0.6667,0.8387,0.0161,0.1452,0,22,32119
2019-11-24,1077,1077,0,29,2,154,43,6,0,0,0,1,0,0,0.9259,0,0.0741,0,22,32136
2019-11-25,1078,1078,0,72,7,151,38,8,0,0,7,0.5333,0,0.4667,0.9174,0.0092,0.0734,0,22,32183
2019-11-26,1078,1078,0,77,13,150,36,34,2,0,27,0.5397,0.0317,0.4286,0.8138,0.009,0.1772,0,22,32290
2019-11-27,1081,1081,0,78,9,149,33,8,0,0,28,0.2222,0,0.7778,0.7703,0.0068,0.223,0,22,32388
2019-11-28,1084,1084,0,55,8,142,28,5,0,0,7,0.4167,0,0.5833,0.8462,0.007,0.1469,0,22,32433
2019-11-29,1087,1087,0,37,4,138,26,2,0,0,4,0.3333,0,0.6667,0.7838,0.027,0.1892,0,22,32460
2019-11-30,1088,1088,0,18,0,135,25,0,0,0,0,0,0,0,0.9091,0.0303,0.0606,0,22,32472
2019-12-01,1088,1088,0,5,0,134,24,0,0,0,0,0,0,0,1,0,0,0,22,32477
2019-12-02,1089,1089,0,80,22,143,33,44,5,0,43,0.4783,0.0543,0.4674,0.7699,0.0409,0.1892,0,23,32631
2019-12-03,1092,1092,0,83,23,139,37,72,0,0,37,0.6606,0,0.3394,0.8637,0.0074,0.1289,0,23,32829
2019-12-04,1096,1096,0,82,13,134,38,21,0,0,12,0.6364,0,0.3636,0.8736,0,0.1264,0,23,32947
2019-12-05,1100,1100,0,91,18,146,42,75,3,0,11,0.8427,0.0337,0.1236,0.8405,0.0484,0.1111,0,23,33104
2019-12-06,1102,1102,0,72,14,150,43,22,0,0,62,0.2619,0,0.7381,0.6053,0.0066,0.3882,0,23,33226
2019-12-07,1104,1104,0,35,5,156,46,13,0,0,1,0.9286,0,0.0714,0.8837,0.0116,0.1047,0,23,33255
2019-12-08,1108,1108,0,24,3,161,48,8,0,0,0,1,0,0,0.94,0,0.06,0,23,33295
2019-12-09,1112,1112,0,83,15,167,47,28,0,0,7,0.8,0,0.2,0.9135,0.0064,0.0801,0,23,33367
2019-12-10,1116,1116,0,78,13,168,42,11,0,0,29,0.275,0,0.725,0.7829,0,0.2171,0,23,33446
2019-12-11,1120,1120,0,75,14,163,43,41,0,0,16,0.7193,0,0.2807,0.8732,0.0106,0.1162,0,23,33542
2019-12-12,1123,1123,0,82,15,160,41,14,2,0,54,0.2,0.0286,0.7714,0.6361,0.0459,0.318,0,23,33650
2019-12-13,1124,1124,0,78,18,157,41,33,0,0,34,0.4925,0,0.5075,0.8305,0.0072,0.1623,0,23,33741
2019-12-14,1125,1125,0,20,3,154,40,0,0,0,10,0,0,1,0.6327,0,0.3673,0,23,33758
2019-12-15,1126,1126,0,12,2,154,40,3,0,0,0,1,0,0,0.8966,0,0.1034,0,23,33767
2019-12-16,1127,1127,0,65,11,141,37,6,0,0,29,0.1714,0,0.8286,0.6793,0.0054,0.3152,0,23,33838
2019-12-17,1131,1131,0,77,16,141,39,11,0,0,29,0.275,0,0.725,0.8032,0,0.1968,0,23,33920
2019-12-18,1139,1139,0,74,18,150,42,47,0,0,78,0.376,0,0.624,0.7022,0,0.2978,0,23,34092
2019-12-19,1143,1143,0,91,25,155,46,33,2,0,10,0.7333,0.0444,0.2222,0.873,0.0432,0.0838,0,23,34171
2019-12-20,1144,1144,0,66,14,146,43,28,0,0,18,0.6087,0,0.3913,0.8507,0.0112,0.1381,0,23,34247
2019-12-21,1144,1144,0,21,4,142,42,7,0,0,32,0.1795,0,0.8205,0.4556,0,0.5444,0,23,34290
2019-12-22,1147,1147,0,19,2,141,43,4,0,0,1,0.8,0,0.2,0.9355,0,0.0645,0,23,34306
2019-12-23,1148,1148,0,58,8,139,43,5,0,0,23,0.1786,0,0.8214,0.7219,0,0.2781,0,23,34355
2019-12-24,1150,1150,0,36,2,133,39,1,0,0,2,0.3333,0,0.6667,0.931,0,0.069,0,23,34373
2019-12-25,1150,1150,0,16,1,124,33,1,0,0,0,1,0,0,1,0,0,0,23,34385
2019-12-26,1151,1151,0,17,0,101,18,0,0,0,0,0,0,0,0.9655,0,0.0345,0,23,34393
2019-12-27,1154,1154,0,28,1,92,12,2,0,0,0,1,0,0,0.9318,0,0.0682,0,23,34409
2019-12-28,1155,1155,0,7,0,91,11,0,0,0,0,0,0,0,1,0,0,0,23,34415
2019-12-29,1156,1156,0,6,0,90,11,0,0,0,0,0,0,0,0.875,0,0.125,0,23,34419
2019-12-30,1158,1158,0,42,3,87,7,5,0,0,0,1,0,0,0.9821,0,0.0179,0,23,34440
2019-12-31,1160,1160,0,41,3,83,6,5,0,0,0,1,0,0,0.9817,0,0.0183,0,23,34464
2020-01-01,1160,1160,0,9,0,81,5,0,0,0,0,0,0,0,0.9231,0,0.0769,0,23,34473
2020-01-02,1166,1166,0,60,9,94,11,11,0,0,30,0.2683,0,0.7317,0.7034,0,0.2966,0,23,34546
2020-01-03,1166,1166,0,56,6,99,12,4,0,0,12,0.25,0,0.75,0.8452,0,0.1548,0,23,34590
2020-01-04,1167,1167,0,9,3,97,13,0,0,0,3,0,0,1,0.6667,0,0.3333,0,23,34605
2020-01-05,1167,1167,0,12,2,98,13,2,0,0,5,0.2857,0,0.7143,0.7222,0,0.2778,0,23,34613
2020-01-06,1169,1169,0,64,7,106,17,4,0,0,28,0.125,0,0.875,0.6802,0.0058,0.314,0,23,34664
2020-01-07,1174,1174,0,79,8,129,22,8,0,0,4,0.6667,0,0.3333,0.8906,0.0052,0.1042,0,23,34697
2020-01-08,1178,1178,0,72,12,141,29,27,0,0,10,0.7297,0,0.2703,0.8731,0,0.1269,0,23,34757
2020-01-09,1182,1182,0,67,10,144,29,17,0,0,38,0.3091,0,0.6909,0.5962,0.0048,0.399,0,23,34830
2020-01-10,1186,1186,0,77,9,148,28,14,0,0,24,0.3684,0,0.6316,0.7671,0.004,0.2289,0,23,34903
2020-01-11,1187,1187,0,21,1,153,29,1,0,0,0,1,0,0,0.9063,0,0.0938,0,23,34909
2020-01-12,1188,1188,0,15,0,152,29,0,0,0,0,0,0,0,1,0,0,0,23,34915
2020-01-13,1191,1191,0,55,10,154,31,3,0,0,29,0.0938,0,0.9063,0.6154,0.0064,0.3782,0,23,34990
2020-01-14,1195,1195,0,84,11,156,32,41,0,0,15,0.7321,0,0.2679,0.9213,0,0.0787,0,23,35071
2020-01-15,1197,1197,0,82,14,155,31,16,0,0,48,0.25,0,0.75,0.7201,0.0031,0.2767,0,23,35179
2020-01-16,1200,1200,0,76,8,151,27,7,0,0,4,0.6364,0,0.3636,0.9353,0,0.0647,0,23,35219
2020-01-17,1204,1204,0,66,10,146,29,7,0,0,11,0.3889,0,0.6111,0.8434,0,0.1566,0,23,35259
2020-01-18,1204,1204,0,26,4,142,29,1,0,0,32,0.0303,0,0.9697,0.38,0,0.62,0,23,35295
2020-01-19,1206,1206,0,19,0,139,29,0,0,0,0,0,0,0,1,0,0,0,23,35301
2020-01-20,1206,1206,0,60,4,138,30,5,0,0,2,0.7143,0,0.2857,0.9528,0,0.0472,0,23,35320
2020-01-21,1209,1209,0,66,7,130,28,4,0,0,3,0.5714,0,0.4286,0.9333,0,0.0667,0,23,35347
2020-01-22,1213,1213,0,79,12,134,27,22,9,0,112,0.1538,0.0629,0.7832,0.4515,0.0561,0.4923,0,23,35526
2020-01-23,1216,1216,0,72,11,142,26,8,0,0,10,0.4444,0,0.5556,0.8796,0.0157,0.1047,0,23,35586
2020-01-24,1217,1217,0,67,13,145,26,17,0,0,14,0.5484,0,0.4516,0.8657,0,0.1343,0,26,35650
2020-01-25,1218,1218,0,24,3,146,27,3,0,0,45,0.0625,0,0.9375,0.377,0,0.623,0,26,35715
2020-01-26,1218,1218,0,21,1,145,27,0,0,0,1,0,0,1,0.9032,0,0.0968,0,26,35731
2020-01-27,1222,1222,0,81,12,149,32,28,0,0,80,0.2593,0,0.7407,0.6429,0,0.3571,0,26,35855
2020-01-28,1229,1229,0,88,18,152,37,31,0,0,82,0.2743,0,0.7257,0.6687,0,0.3313,0,26,36008
2020-01-29,1237,1237,0,95,17,164,41,34,0,0,36,0.4857,0,0.5143,0.8322,0,0.1678,0,26,36136
2020-01-30,1248,1248,0,87,17,172,45,43,0,0,26,0.6232,0,0.3768,0.8824,0,0.1176,0,26,36248
2020-01-31,1251,1251,0,72,13,168,47,13,5,0,35,0.2453,0.0943,0.6604,0.6515,0.0455,0.303,0,26,36337
2020-02-01,1252,1252,0,30,4,165,47,4,0,0,3,0.5714,0,0.4286,0.9412,0,0.0588,0,26,36354
2020-02-02,1255,1255,0,24,2,170,48,3,0,0,0,1,0,0,0.9783,0,0.0217,0,26,36371
2020-02-03,1256,1256,0,83,10,169,46,13,0,0,6,0.6842,0,0.3158,0.9299,0,0.0701,0,26,36430
2020-02-04,1262,1262,0,92,19,166,48,19,0,0,43,0.3065,0,0.6935,0.7493,0,0.2507,0,26,36556
2020-02-05,1267,1267,0,88,18,160,48,28,0,0,13,0.6829,0,0.3171,0.9039,0,0.0961,0,26,36638
2020-02-06,1271,1271,0,92,14,163,46,39,0,0,27,0.5909,0,0.4091,0.8464,0.0027,0.1509,0,26,36727
2020-02-07,1277,1277,0,81,19,162,48,71,3,0,66,0.5071,0.0214,0.4714,0.711,0.0275,0.2615,0,26,36904
2020-02-08,1279,1279,0,29,6,163,49,2,0,0,17,0.1053,0,0.8947,0.5806,0,0.4194,0,26,36942
2020-02-09,1280,1280,0,15,2,163,49,0,0,0,2,0,0,1,0.92,0,0.08,0,26,36956
2020-02-10,1283,1283,0,83,16,161,54,23,0,0,16,0.5897,0,0.4103,0.8669,0.0057,0.1275,0,27,37028
2020-02-11,1285,1285,0,85,11,161,46,8,0,0,28,0.2222,0,0.7778,0.7801,0,0.2199,0,27,37090
2020-02-12,1286,1286,0,77,13,165,48,30,0,0,44,0.4054,0,0.5946,0.73,0,0.27,0,27,37193
2020-02-13,1289,1289,0,71,11,154,47,13,0,0,12,0.52,0,0.48,0.828,0.0054,0.1667,0,27,37243
2020-02-14,1290,1290,0,70,10,152,41,37,0,0,22,0.6271,0,0.3729,0.8505,0,0.1495,0,27,37341
2020-02-15,1292,1292,0,15,3,153,41,0,0,0,7,0,0,1,0.52,0,0.48,0,27,37359
2020-02-16,1293,1293,0,7,1,152,41,0,0,0,1,0,0,1,0.9333,0,0.0667,0,27,37364
2020-02-17,1295,1295,0,66,9,156,38,18,0,0,1,0.9474,0,0.0526,0.9725,0,0.0275,0,27,37412
2020-02-18,1300,1300,0,93,16,154,41,17,0,0,33,0.34,0,0.66,0.8352,0,0.1648,0,27,37488
2020-02-19,1303,1303,0,91,21,162,43,58,17,0,37,0.5179,0.1518,0.3304,0.7667,0.0754,0.1579,0,27,37639
2020-02-20,1306,1306,0,81,19,166,44,24,2,0,48,0.3243,0.027,0.6486,0.7172,0.0227,0.2601,0,27,37753
2020-02-21,1310,1310,0,69,12,165,46,9,1,0,24,0.2647,0.0294,0.7059,0.7308,0.0385,0.2308,0,27,37818
2020-02-22,1312,1312,0,21,1,166,44,0,0,0,1,0,0,1,0.9677,0,0.0323,0,27,37829
2020-02-23,1314,1314,0,11,0,165,43,0,0,0,0,0,0,0,0.9545,0,0.0455,0,27,37837
2020-02-24,1315,1315,0,83,10,163,45,17,0,0,2,0.8947,0,0.1053,0.9355,0.004,0.0605,0,28,37903
2020-02-25,1318,1318,0,54,5,156,43,3,0,0,5,0.375,0,0.625,0.8602,0.0108,0.129,0,28,37932
2020-02-26,1322,1322,0,77,14,152,39,32,0,0,18,0.64,0,0.36,0.8899,0,0.1101,0,28,38026
2020-02-27,1325,1325,0,84,18,153,40,29,0,0,10,0.7436,0,0.2564,0.9478,0,0.0522,0,28,38091
2020-02-28,1329,1329,0,85,10,158,34,39,0,0,1,0.975,0,0.025,0.9858,0,0.0142,0,28,38154
2020-02-29,1329,1329,0,26,1,157,35,1,0,0,0,1,0,0,0.9787,0,0.0213,0,28,38158
2020-03-01,1330,1330,0,11,2,157,35,2,0,0,0,1,0,0,1,0,0,0,28,38163
2020-03-02,1337,1337,0,75,7,155,35,41,0,0,3,0.9318,0,0.0682,0.9717,0,0.0283,0,28,38235
2020-03-03,1340,1340,0,84,20,168,46,43,0,0,362,0.1062,0,0.8938,0.3246,0.0019,0.6735,0,28,38680
2020-03-04,1344,1344,0,82,12,169,44,24,0,0,374,0.0603,0,0.9397,0.2789,0,0.7211,0,28,39146
2020-03-05,1350,1350,0,85,15,170,42,76,0,0,24,0.76,0,0.24,0.9123,0,0.0877,0,28,39302
2020-03-06,1354,1354,0,88,13,169,43,20,0,0,51,0.2817,0,0.7183,0.7619,0.0028,0.2353,0,28,39408
2020-03-07,1354,1354,0,30,4,169,43,5,0,0,5,0.5,0,0.5,0.9041,0,0.0959,0,28,39430
2020-03-08,1354,1354,0,25,1,172,43,0,0,0,1,0,0,1,0.9583,0,0.0417,0,28,39448
2020-03-09,1359,1359,0,69,11,172,43,38,0,0,8,0.8261,0,0.1739,0.9025,0,0.0975,0,28,39537
2020-03-10,1362,1362,0,77,8,169,36,15,0,0,2,0.8824,0,0.1176,0.9623,0,0.0377,0,28,39590
2020-03-11,1365,1365,0,78,13,165,37,53,0,0,72,0.424,0,0.576,0.7293,0,0.2707,0,29,39767
2020-03-12,1370,1370,0,84,18,164,44,38,0,0,61,0.3838,0,0.6162,0.7567,0,0.2433,0,29,39893
2020-03-13,1378,1378,0,71,11,158,39,21,0,0,40,0.3443,0,0.6557,0.7206,0,0.2794,0,29,40008
2020-03-14,1378,1378,0,28,1,158,39,1,0,0,0,1,0,0,0.9608,0,0.0392,0,29,40016
2020-03-15,1381,1381,0,13,0,161,39,0,0,0,0,0,0,0,0.9583,0,0.0417,0,29,40021
2020-03-16,1382,1382,0,80,17,161,40,15,0,0,201,0.0694,0,0.9306,0.4121,0,0.5879,0,30,40282
2020-03-17,1384,1384,0,76,14,162,44,13,0,0,62,0.1733,0,0.8267,0.608,0,0.392,0,30,40371
2020-03-18,1388,1388,0,76,8,164,41,9,0,0,15,0.375,0,0.625,0.8616,0,0.1384,0,30,40434
2020-03-19,1393,1393,0,74,15,162,38,11,0,0,16,0.4074,0,0.5926,0.9032,0,0.0968,0,30,40494
2020-03-20,1394,1394,0,67,6,152,38,6,0,0,15,0.2857,0,0.7143,0.7974,0,0.2026,0,30,40545
2020-03-21,1395,1395,0,29,4,155,39,3,0,0,5,0.375,0,0.625,0.8367,0,0.1633,0,30,40563
2020-03-22,1396,1396,0,35,6,155,43,10,0,0,12,0.4545,0,0.5455,0.7957,0,0.2043,0,30,40598
2020-03-23,1400,1400,0,85,17,151,42,23,2,0,71,0.2396,0.0208,0.7396,0.6802,0.027,0.2928,0,30,40738
2020-03-24,1403,1403,0,87,18,158,43,115,2,0,22,0.8273,0.0144,0.1583,0.9068,0.0209,0.0722,0,31,40949
2020-03-25,1410,1410,0,99,18,170,50,131,0,0,32,0.8037,0,0.1963,0.922,0.0013,0.0767,0,31,41155
2020-03-26,1418,1418,0,86,14,172,49,47,0,0,57,0.4519,0,0.5481,0.8171,0,0.1829,0,31,41332
2020-03-27,1424,1424,0,76,14,172,50,83,0,0,9,0.9022,0,0.0978,0.9441,0,0.0559,0,31,41472
2020-03-28,1426,1426,0,35,4,175,51,5,0,0,7,0.4167,0,0.5833,0.8308,0,0.1692,0,31,41503
2020-03-29,1426,1426,0,27,3,175,51,4,0,0,2,0.6667,0,0.3333,0.9273,0,0.0727,0,31,41525
2020-03-30,1429,1429,0,88,18,180,54,52,0,0,90,0.3662,0,0.6338,0.7036,0.0018,0.2945,0,31,41698
2020-03-31,1434,1434,0,91,19,179,51,107,0,0,28,0.7926,0,0.2074,0.885,0.0022,0.1128,0,31,41858
2020-04-01,1439,1439,0,83,11,172,46,36,0,0,176,0.1698,0,0.8302,0.4843,0,0.5157,0,31,42108
2020-04-02,1440,1440,0,65,11,166,42,26,0,0,60,0.3023,0,0.6977,0.6586,0,0.3414,0,31,42245
2020-04-03,1441,1441,0,68,9,158,36,9,0,0,7,0.5625,0,0.4375,0.9032,0,0.0968,0,31,42290
2020-04-04,1443,1443,0,27,3,160,36,5,0,0,20,0.2,0,0.8,0.5417,0,0.4583,0,31,42332
2020-04-05,1444,1444,0,20,0,158,36,0,0,0,0,0,0,0,0.9583,0,0.0417,0,31,42337
2020-04-06,1447,1447,0,65,9,154,32,8,0,0,43,0.1569,0,0.8431,0.6667,0,0.3333,0,31,42424
2020-04-07,1453,1453,0,81,14,156,31,28,0,0,53,0.3457,0,0.6543,0.7514,0,0.2486,0,31,42564
2020-04-08,1455,1455,0,70,11,150,31,36,0,0,35,0.507,0,0.493,0.7229,0,0.2771,0,32,42671
2020-04-09,1462,1462,0,73,12,151,33,39,0,0,0,1,0,0,0.9831,0,0.0169,0,32,42768
2020-04-10,1466,1466,0,59,12,148,31,13,0,0,20,0.3939,0,0.6061,0.8028,0,0.1972,0,32,42837
2020-04-11,1467,1467,0,29,5,144,32,12,0,0,8,0.6,0,0.4,0.8588,0,0.1412,0,32,42876
2020-04-12,1467,1467,0,24,0,143,32,0,0,0,0,0,0,0,1,0,0,0,32,42885
2020-04-13,1470,1470,0,64,8,143,33,13,0,0,1,0.9286,0,0.0714,0.9557,0,0.0443,0,32,42928
2020-04-14,1477,1477,0,88,18,152,38,17,6,0,26,0.3469,0.1224,0.5306,0.8388,0.0378,0.1234,0,32,43038
2020-04-15,1485,1485,0,78,17,156,39,21,17,0,34,0.2917,0.2361,0.4722,0.7211,0.1183,0.1606,0,32,43185
2020-04-16,1490,1490,0,90,19,166,39,58,1,0,38,0.5979,0.0103,0.3918,0.8036,0.0134,0.183,0,32,43326
2020-04-17,1491,1491,0,80,16,170,39,33,0,0,33,0.5,0,0.5,0.8337,0.005,0.1613,0,32,43442
2020-04-18,1492,1492,0,35,8,172,39,38,0,0,2,0.95,0,0.05,0.987,0,0.013,0,32,43494
2020-04-19,1493,1493,0,23,1,171,39,4,0,0,0,1,0,0,0.9792,0,0.0208,0,32,43515
2020-04-20,1501,1501,0,82,10,173,42,9,0,0,70,0.1139,0,0.8861,0.6058,0,0.3942,0,32,43660
2020-04-21,1506,1506,0,74,12,174,41,26,5,0,99,0.2,0.0385,0.7615,0.5325,0.0156,0.4519,0,32,43834
2020-04-22,1513,1513,0,76,8,177,37,12,0,0,3,0.8,0,0.2,0.9078,0.0146,0.0777,0,32,43919
2020-04-23,1516,1516,0,77,10,177,36,18,0,0,54,0.25,0,0.75,0.6174,0,0.3826,0,32,44039
2020-04-24,1520,1520,0,68,7,167,30,29,0,0,25,0.537,0,0.463,0.8562,0,0.1438,0,32,44146
2020-04-25,1521,1521,0,21,1,165,29,1,0,0,0,1,0,0,0.9375,0,0.0625,0,32,44153
2020-04-26,1526,1526,0,41,3,165,29,4,0,0,0,1,0,0,0.978,0,0.022,0,32,44174
2020-04-27,1530,1530,0,91,19,161,34,96,0,0,71,0.5749,0,0.4251,0.8344,0,0.1656,0,32,44382
2020-04-28,1535,1535,0,93,22,163,38,38,5,0,165,0.1827,0.024,0.7933,0.5739,0.0188,0.4072,0,32,44639
2020-04-29,1543,1543,0,87,21,167,44,50,7,0,118,0.2857,0.04,0.6743,0.6612,0.0315,0.3073,0,32,44892
2020-04-30,1544,1544,0,89,19,168,48,35,10,0,169,0.1636,0.0467,0.7897,0.4585,0.0573,0.4842,0,32,45166
2020-05-01,1547,1547,0,64,12,171,51,15,5,0,225,0.0612,0.0204,0.9184,0.4014,0.0258,0.5728,0,32,45441
2020-05-02,1554,1554,0,42,4,177,51,3,0,0,2,0.6,0,0.4,0.8765,0.037,0.0864,0,32,45468
2020-05-03,1556,1556,0,41,6,182,51,2,0,0,15,0.1176,0,0.8824,0.7294,0,0.2706,0,32,45499
2020-05-04,1560,1560,0,85,15,188,49,20,0,0,20,0.5,0,0.5,0.8487,0.0037,0.1476,0,32,45589
2020-05-05,1564,1564,0,85,21,182,46,32,9,0,99,0.2286,0.0643,0.7071,0.6068,0.0519,0.3413,0,32,45787
2020-05-06,1566,1566,0,86,25,175,46,28,71,0,222,0.0872,0.2212,0.6916,0.321,0.2232,0.4558,0,32,46200
2020-05-07,1571,1571,0,171,22,234,47,31,3,1,46,0.3875,0.0375,0.575,0.619,0.0305,0.3505,0,32,47905
2020-05-08,1575,1575,0,112,11,272,49,8,5,0,11,0.3333,0.2083,0.4583,0.588,0.0775,0.3345,0,32,47972
2020-05-09,1579,1579,0,48,8,278,51,28,0,0,0,1,0,0,0.9122,0.0135,0.0743,0,32,48011
2020-05-10,1581,1581,0,31,4,283,53,5,0,0,0,1,0,0,0.8333,0,0.1667,0,32,48025
2020-05-11,1585,1585,0,95,10,305,52,8,0,0,43,0.1569,0,0.8431,0.6478,0.0033,0.3488,0,32,48123
2020-05-12,1586,1586,0,86,24,305,53,68,17,0,36,0.562,0.1405,0.2975,0.6802,0.1712,0.1486,0,32,48277
2020-05-13,1594,1594,0,98,27,316,55,55,13,0,137,0.2683,0.0634,0.6683,0.6282,0.0698,0.302,0,32,48550
2020-05-14,1604,1604,0,89,23,250,53,38,6,0,149,0.1969,0.0311,0.772,0.5677,0.0422,0.3901,0,32,48809
2020-05-15,1609,1609,0,87,12,227,54,91,0,0,22,0.8053,0,0.1947,0.8695,0.0099,0.1207,0,32,48954
2020-05-16,1617,1617,0,51,10,225,56,6,0,0,7,0.4615,0,0.5385,0.8346,0,0.1654,0,32,48994
2020-05-17,1619,1619,0,39,4,222,55,15,0,0,1,0.9375,0,0.0625,0.91,0,0.09,0,32,49044
2020-05-18,1621,1621,0,91,18,211,53,16,1,0,72,0.1798,0.0112,0.809,0.6394,0.012,0.3486,0,32,49192
2020-05-19,1623,1623,0,93,21,207,53,34,20,0,111,0.2061,0.1212,0.6727,0.5766,0.1104,0.313,0,32,49422
2020-05-20,1633,1633,0,102,25,213,54,106,18,0,40,0.6463,0.1098,0.2439,0.7766,0.0906,0.1328,0,33,49687
2020-05-21,1635,1635,0,96,30,202,57,79,13,0,35,0.622,0.1024,0.2756,0.8701,0.0211,0.1088,0,35,49858
2020-05-22,1636,1636,0,77,22,200,64,37,0,0,121,0.2342,0,0.7658,0.5521,0.0157,0.4322,0,35,50057
2020-05-23,1636,1636,0,22,3,189,60,1,0,0,5,0.1667,0,0.8333,0.7556,0,0.2444,0,35,50077
2020-05-24,1637,1637,0,30,2,188,60,1,0,0,2,0.3333,0,0.6667,0.9455,0,0.0545,0,35,50091
2020-05-25,1643,1643,0,67,9,186,61,11,0,0,20,0.3548,0,0.6452,0.8112,0,0.1888,0,35,50155
2020-05-26,1647,1647,0,88,16,187,56,15,1,0,60,0.1974,0.0132,0.7895,0.6824,0.0088,0.3088,0,35,50301
2020-05-27,1656,1656,0,80,10,185,51,2,1,0,52,0.0364,0.0182,0.9455,0.6195,0.031,0.3496,0,35,50425
2020-05-28,1660,1660,0,71,11,184,44,9,10,0,16,0.2571,0.2857,0.4571,0.6351,0.1659,0.1991,0,35,50502
2020-05-29,1663,1663,0,76,16,177,40,22,20,0,29,0.3099,0.2817,0.4085,0.7455,0.1388,0.1157,0,35,50592
2020-05-30,1663,1663,0,14,1,175,40,0,1,0,0,0,1,0,0.7143,0.1905,0.0952,0,35,50602
2020-05-31,1665,1665,0,31,8,179,43,10,0,0,2,0.8333,0,0.1667,0.9143,0.0095,0.0762,0,35,50623
2020-06-01,1669,1669,0,86,16,180,46,35,0,0,14,0.7143,0,0.2857,0.8794,0.0024,0.1182,0,35,50710
2020-06-02,1671,1671,0,97,24,170,44,43,13,0,72,0.3359,0.1016,0.5625,0.7412,0.0434,0.2154,0,36,50878
2020-06-03,1673,1673,0,74,15,164,44,22,1,0,60,0.2651,0.012,0.7229,0.662,0.0112,0.3268,0,36,51009
2020-06-04,1676,1676,0,84,11,163,43,11,15,0,79,0.1048,0.1429,0.7524,0.5217,0.1033,0.375,0,36,51156
2020-06-05,1686,1686,0,85,19,179,47,69,4,0,57,0.5308,0.0308,0.4385,0.7342,0.0549,0.211,0,37,51341
2020-06-06,1689,1689,0,17,4,181,47,5,0,0,6,0.4545,0,0.5455,0.7209,0,0.2791,0,37,51368
2020-06-07,1690,1690,0,19,0,178,45,0,0,0,0,0,0,0,0.95,0,0.05,0,37,51385
2020-06-08,1691,1691,0,83,14,182,44,20,15,0,56,0.2198,0.1648,0.6154,0.6616,0.0738,0.2646,0,37,51515
2020-06-09,1696,1696,0,130,23,207,43,41,3,1,80,0.3306,0.0242,0.6452,0.7734,0.0079,0.2187,0,37,51678
2020-06-10,1704,1704,0,104,17,226,47,30,1,6,28,0.5085,0.0169,0.4746,0.8278,0.0127,0.1595,0,37,51813
2020-06-11,1710,1710,0,85,14,223,47,21,3,1,28,0.4038,0.0577,0.5385,0.75,0.0802,0.1698,0,37,51902
2020-06-12,1710,1710,0,93,13,220,44,9,3,1,38,0.18,0.06,0.76,0.7016,0.0282,0.2702,0,37,51988
2020-06-13,1711,1711,0,29,3,222,43,2,0,0,3,0.4,0,0.6,0.8913,0,0.1087,0,37,51998
2020-06-14,1711,1711,0,32,2,223,44,3,0,0,0,1,0,0,0.98,0,0.02,0,37,52009
2020-06-15,1714,1714,0,84,18,222,48,25,7,0,96,0.1953,0.0547,0.75,0.6846,0.0318,0.2836,0,37,52167
2020-06-16,1720,1720,0,91,12,198,40,102,0,0,171,0.3736,0,0.6264,0.7445,0.0029,0.2526,0,37,52497
2020-06-17,1725,1725,0,90,19,191,40,14,9,0,80,0.1359,0.0874,0.7767,0.7164,0.0293,0.2543,0,37,52677
2020-06-18,1727,1727,0,86,16,186,41,27,5,0,44,0.3553,0.0658,0.5789,0.8655,0.0391,0.0954,0,37,52801
2020-06-19,1732,1732,0,91,16,177,43,26,3,0,651,0.0382,0.0044,0.9574,0.2663,0.0086,0.7251,0,37,53526
2020-06-20,1733,1733,0,27,4,178,43,3,46,0,1,0.06,0.92,0.02,0.3789,0.5789,0.0421,0,37,53592
2020-06-21,1736,1736,0,36,9,178,44,5,0,0,127,0.0379,0,0.9621,0.2741,0.0039,0.722,0,37,53751
2020-06-22,1740,1740,0,103,18,187,42,54,4,0,117,0.3086,0.0229,0.6686,0.5968,0.0438,0.3594,0,37,54003
2020-06-23,1746,1746,0,97,17,184,46,34,1,0,31,0.5152,0.0152,0.4697,0.8543,0.0229,0.1229,0,37,54108
2020-06-24,1755,1755,0,106,20,192,48,16,36,2,132,0.087,0.1957,0.7174,0.6029,0.1141,0.2831,0,37,54370
2020-06-25,1761,1761,0,101,26,198,53,31,7,1,144,0.1703,0.0385,0.7912,0.618,0.0595,0.3225,0,37,54634
2020-06-26,1765,1765,0,83,26,192,56,28,6,0,256,0.0966,0.0207,0.8828,0.4906,0.0243,0.485,0,37,55006
2020-06-27,1766,1766,0,23,1,191,56,1,0,0,0,1,0,0,0.8718,0.0513,0.0769,0,37,55015
2020-06-28,1766,1766,0,34,3,192,54,3,0,0,2,0.6,0,0.4,0.9538,0,0.0462,0,37,55040
2020-06-29,1768,1768,0,95,19,183,55,25,6,0,260,0.0859,0.0206,0.8935,0.4921,0.027,0.481,0,37,55387
2020-06-30,1773,1773,0,94,22,185,54,13,56,0,237,0.0425,0.183,0.7745,0.3798,0.1138,0.5064,0,44,55737
2020-07-01,1780,1780,0,106,25,193,60,53,10,0,133,0.2704,0.051,0.6786,0.7038,0.0376,0.2586,0,45,56046
2020-07-02,1783,1783,0,109,31,197,62,106,2,0,289,0.267,0.005,0.728,0.651,0.009,0.34,0,45,56515
2020-07-03,1787,1787,0,80,14,196,55,65,0,0,83,0.4392,0,0.5608,0.7269,0,0.2731,0,45,56701
2020-07-04,1790,1790,0,32,5,197,55,4,0,0,5,0.4444,0,0.5556,0.9016,0,0.0984,0,45,56729
2020-07-05,1790,1790,0,20,2,197,55,1,0,0,1,0.5,0,0.5,0.9444,0,0.0556,0,45,56740
2020-07-06,1798,1798,0,103,15,208,55,35,0,0,32,0.5224,0,0.4776,0.8789,0,0.1211,0,45,56863
2020-07-07,1807,1807,0,258,26,326,62,76,9,0,156,0.3154,0.0373,0.6473,0.5672,0.0606,0.3722,0,18,61307
2020-07-08,1813,1813,0,287,32,398,71,41,1,0,65,0.3832,0.0093,0.6075,0.7739,0.0201,0.206,0,18,61485
2020-07-09,1825,1825,0,174,29,416,70,36,12,0,173,0.1629,0.0543,0.7828,0.6723,0.0436,0.2841,0,18,61813
2020-07-10,1835,1835,0,131,25,427,78,63,12,0,46,0.5207,0.0992,0.3802,0.8042,0.0629,0.1329,0,18,62031
2020-07-11,1840,1840,0,55,6,433,79,15,1,0,0,0.9375,0.0625,0,0.9084,0.0076,0.084,0,18,62075
2020-07-12,1842,1842,0,28,2,438,80,1,0,0,1,0.5,0,0.5,0.8431,0.0196,0.1373,0,18,62093
2020-07-13,1844,1844,0,117,16,447,78,27,0,0,11,0.7105,0,0.2895,0.8838,0.0135,0.1027,0,18,62182
2020-07-14,1850,1850,0,124,20,414,71,25,3,0,109,0.1825,0.0219,0.7956,0.6819,0.0333,0.2848,0,18,62404
2020-07-15,1852,1852,0,97,13,311,55,17,3,0,22,0.4048,0.0714,0.5238,0.7628,0.0584,0.1788,0,18,62524
2020-07-16,1853,1853,0,112,29,271,57,22,7,0,84,0.1947,0.0619,0.7434,0.7041,0.0909,0.205,0,18,62698
2020-07-17,1855,1855,0,102,28,251,61,43,13,0,109,0.2606,0.0788,0.6606,0.7051,0.0566,0.2384,0,18,62911
2020-07-18,1856,1856,0,41,14,242,60,13,15,0,6,0.3824,0.4412,0.1765,0.6975,0.1765,0.1261,0,18,62957
2020-07-19,1860,1860,0,40,2,242,59,0,0,0,5,0,0,1,0.7746,0,0.2254,0,18,62974
2020-07-20,1862,1862,0,73,26,227,58,22,3,0,127,0.1447,0.0197,0.8355,0.5429,0.0337,0.4233,0,18,63159
2020-07-21,1867,1867,0,115,27,222,58,24,10,0,186,0.1091,0.0455,0.8455,0.6375,0.0318,0.3307,0,18,63438
2020-07-22,1868,1868,0,97,21,216,61,24,18,0,37,0.3038,0.2278,0.4684,0.766,0.0891,0.1448,0,18,63571
2020-07-23,1875,1875,0,115,29,208,59,18,39,0,231,0.0625,0.1354,0.8021,0.4787,0.141,0.3803,0,18,63969
2020-07-24,1881,1881,0,95,22,209,55,5,8,0,120,0.0376,0.0602,0.9023,0.4766,0.1094,0.4141,0,18,64182
2020-07-25,1881,1881,0,34,6,210,55,4,0,0,11,0.2667,0,0.7333,0.8242,0.022,0.1538,0,18,64221
2020-07-26,1883,1883,0,23,1,207,55,0,0,0,1,0,0,1,0.9362,0,0.0638,0,18,64239
2020-07-27,1891,1891,0,98,25,214,57,30,0,0,135,0.1818,0,0.8182,0.6545,0.0107,0.3348,0,18,64480
2020-07-28,1893,1893,0,105,31,213,65,34,4,0,212,0.136,0.016,0.848,0.593,0.0396,0.3674,0,18,64820
2020-07-29,1895,1895,0,99,20,215,63,23,20,0,135,0.1292,0.1124,0.7584,0.5273,0.1029,0.3697,0,18,65089
2020-07-30,1898,1898,0,98,22,217,60,26,15,0,34,0.3467,0.2,0.4533,0.765,0.1223,0.1127,0,18,65205
2020-07-31,1899,1899,0,86,27,211,61,14,8,0,80,0.1373,0.0784,0.7843,0.5795,0.0707,0.3498,0,19,65360
2020-08-01,1900,1900,0,32,9,208,61,5,0,0,28,0.1515,0,0.8485,0.6033,0.0661,0.3306,0,19,65419
2020-08-02,1901,1901,0,34,6,209,61,2,0,0,8,0.2,0,0.8,0.8247,0.0103,0.1649,0,19,65444
2020-08-03,1903,1903,0,114,22,226,62,8,3,0,107,0.0678,0.0254,0.9068,0.6613,0.0343,0.3043,0,19,65610
2020-08-04,1905,1905,0,136,21,246,59,13,10,0,92,0.113,0.087,0.8,0.7086,0.0773,0.2141,0,19,65787
2020-08-05,1907,1907,0,117,26,250,64,41,23,0,294,0.1145,0.0642,0.8212,0.4988,0.0951,0.4061,0,18,66238
2020-08-06,1910,1910,0,105,21,244,64,15,20,0,138,0.0867,0.1156,0.7977,0.5438,0.1479,0.3083,0,18,66467
2020-08-07,1912,1912,0,104,23,249,62,44,28,0,215,0.1533,0.0976,0.7491,0.5449,0.0957,0.3594,0,19,66804
2020-08-08,1913,1913,0,45,6,252,61,7,3,0,33,0.1628,0.0698,0.7674,0.626,0.1789,0.1951,0,19,66876
2020-08-09,1914,1914,0,41,5,250,62,4,1,0,20,0.16,0.04,0.8,0.6893,0.068,0.2427,0,19,66910
2020-08-10,1916,1916,0,110,23,240,63,19,13,0,114,0.1301,0.089,0.7808,0.6811,0.0732,0.2458,0,19,67097
2020-08-11,1917,1917,0,124,20,227,60,10,11,0,285,0.0327,0.0359,0.9314,0.4278,0.0922,0.48,0,19,67450
2020-08-12,1921,1921,0,119,20,229,55,36,3,0,48,0.4138,0.0345,0.5517,0.8089,0.0467,0.1444,0,19,67573
2020-08-13,1925,1925,0,111,28,228,62,23,5,0,102,0.1769,0.0385,0.7846,0.6863,0.0523,0.2614,0,20,67749
2020-08-14,1928,1928,0,104,22,226,56,35,15,0,84,0.2612,0.1119,0.6269,0.6527,0.1173,0.2301,0,20,67909
2020-08-15,1930,1930,0,62,1,232,53,0,1,0,0,0,1,0,0.9542,0.0305,0.0153,0,20,67921
2020-08-16,1932,1932,0,34,5,238,54,0,1,0,12,0,0.0769,0.9231,0.7568,0.027,0.2162,0,20,67952
2020-08-17,1937,1937,0,136,22,249,56,45,4,0,108,0.2866,0.0255,0.6879,0.7047,0.0703,0.225,0,20,68152
2020-08-18,1946,1946,0,145,24,267,58,22,7,0,61,0.2444,0.0778,0.6778,0.733,0.0832,0.1838,0,20,68293
2020-08-19,1951,1951,0,98,22,268,61,24,6,0,206,0.1017,0.0254,0.8729,0.5258,0.0595,0.4147,0,21,68581
2020-08-20,1953,1953,0,94,24,261,56,29,4,0,241,0.1058,0.0146,0.8796,0.4012,0.0461,0.5528,0,21,68929
2020-08-21,1957,1957,0,72,14,264,49,8,7,0,114,0.062,0.0543,0.8837,0.3558,0.1573,0.4869,0,21,69089
2020-08-22,1960,1960,0,36,9,262,53,7,1,0,3,0.6364,0.0909,0.2727,0.8272,0.0864,0.0864,0,21,69113
2020-08-23,1963,1963,0,34,8,258,53,2,0,0,20,0.0909,0,0.9091,0.7586,0.0115,0.2299,0,21,69150
2020-08-24,1967,1967,0,95,23,246,61,21,2,0,65,0.2386,0.0227,0.7386,0.7461,0.0445,0.2094,0,21,69273
2020-08-25,1970,1970,0,123,22,225,55,11,2,0,116,0.0853,0.0155,0.8992,0.6825,0.0351,0.2825,0,21,69442
2020-08-26,1973,1973,0,82,21,224,52,4,6,0,82,0.0435,0.0652,0.8913,0.5206,0.1088,0.3706,0,21,69582
2020-08-27,1982,1982,0,127,38,232,69,55,42,0,97,0.2835,0.2165,0.5,0.638,0.1817,0.1803,0,21,69856
2020-08-28,1985,1985,0,115,34,231,76,36,39,0,40,0.313,0.3391,0.3478,0.6789,0.1817,0.1394,0,21,70043
2020-08-29,1985,1985,0,40,4,236,74,0,1,0,5,0,0.1667,0.8333,0.781,0.0857,0.1333,0,21,70070
2020-08-30,1987,1987,0,29,6,238,73,6,0,0,6,0.5,0,0.5,0.7255,0.0196,0.2549,0,21,70089
2020-08-31,1992,1992,0,101,24,242,74,53,10,0,73,0.3897,0.0735,0.5368,0.7273,0.1119,0.1608,0,21,70295
2020-09-01,1992,1992,0,97,29,233,72,29,24,0,146,0.1457,0.1206,0.7337,0.5909,0.0927,0.3164,0,21,70540
2020-09-02,1993,1993,0,84,23,226,70,15,11,0,183,0.0718,0.0526,0.8756,0.4535,0.042,0.5044,0,21,70805
2020-09-03,2002,2002,0,113,28,222,59,34,5,0,298,0.1009,0.0148,0.8843,0.5499,0.0283,0.4218,0,21,71215
2020-09-04,2006,2006,0,104,29,218,59,70,3,0,95,0.4167,0.0179,0.5655,0.8122,0.0141,0.1737,0,21,71436
2020-09-05,2006,2006,0,39,4,210,60,3,0,0,3,0.5,0,0.5,0.9219,0.0156,0.0625,0,22,71462
2020-09-06,2008,2008,0,48,4,209,61,3,1,0,7,0.2727,0.0909,0.6364,0.8222,0.0556,0.1222,0,22,71478
2020-09-07,2010,2010,0,86,13,204,60,21,0,0,4,0.84,0,0.16,0.9531,0.0078,0.0391,0,22,71541
2020-09-08,2015,2015,0,102,21,204,58,27,5,0,102,0.2015,0.0373,0.7612,0.6134,0.0501,0.3365,0,22,71699
2020-09-09,2016,2016,0,92,20,197,58,36,10,0,158,0.1765,0.049,0.7745,0.6054,0.0748,0.3197,0,22,71975
2020-09-10,2022,2022,0,104,31,199,59,43,8,0,98,0.2886,0.0537,0.6577,0.6667,0.0685,0.2649,0,22,72195
2020-09-11,2030,2030,0,97,28,202,57,26,8,0,85,0.2185,0.0672,0.7143,0.6611,0.0735,0.2654,0,22,72378
2020-09-12,2031,2031,0,39,7,203,57,11,0,0,64,0.1467,0,0.8533,0.5405,0.0135,0.4459,0,22,72478
2020-09-13,2036,2036,0,51,6,203,61,6,0,0,1,0.8571,0,0.1429,0.9051,0.0073,0.0876,0,22,72493
2020-09-14,2048,2048,0,121,25,214,68,69,11,0,55,0.5111,0.0815,0.4074,0.8506,0.0264,0.123,0,22,72731
2020-09-15,2054,2054,0,110,32,214,71,32,19,0,187,0.1345,0.0798,0.7857,0.6261,0.0737,0.3003,0,22,73053
2020-09-16,2063,2063,0,125,30,224,79,50,3,0,105,0.3165,0.019,0.6646,0.8305,0.0202,0.1493,0,22,73330
2020-09-17,2075,2075,0,127,44,235,87,91,9,0,277,0.2414,0.0239,0.7347,0.6768,0.0375,0.2857,0,22,73795
2020-09-18,2082,2082,0,116,36,240,84,47,8,0,260,0.1492,0.0254,0.8254,0.5303,0.0303,0.4394,0,22,74199
2020-09-19,2084,2084,0,33,7,243,83,2,0,0,10,0.1667,0,0.8333,0.7215,0,0.2785,0,22,74221
2020-09-20,2084,2084,0,37,7,240,81,4,0,0,15,0.2105,0,0.7895,0.8276,0,0.1724,0,22,74265
2020-09-21,2087,2087,0,120,23,242,79,21,0,0,78,0.2121,0,0.7879,0.7663,0.0045,0.2292,0,22,74433
2020-09-22,2101,2101,0,121,30,257,80,28,14,0,318,0.0778,0.0389,0.8833,0.4894,0.0548,0.4558,0,22,74978
2020-09-23,2111,2111,0,128,36,257,82,41,8,0,173,0.1847,0.036,0.7793,0.5857,0.08,0.3343,0,22,75314
2020-09-24,2120,2120,0,116,32,249,77,77,5,0,113,0.3949,0.0256,0.5795,0.7911,0.0292,0.1797,0,22,75599
2020-09-25,2132,2132,0,139,30,258,79,61,0,0,193,0.2402,0,0.7598,0.7346,0.0025,0.2629,0,23,75931
2020-09-26,2137,2137,0,56,7,270,79,5,2,0,8,0.3333,0.1333,0.5333,0.8361,0.0574,0.1066,0,23,75974
2020-09-27,2141,2141,0,44,7,275,80,14,0,0,9,0.6087,0,0.3913,0.8235,0.0098,0.1667,0,23,76006
2020-09-28,2147,2147,0,125,28,272,78,46,13,0,157,0.213,0.0602,0.7269,0.7113,0.0391,0.2496,0,23,76289
2020-09-29,2154,2154,0,131,32,281,81,88,19,0,103,0.419,0.0905,0.4905,0.7374,0.089,0.1736,0,23,76592
2020-09-30,2157,2157,0,125,35,273,80,65,6,0,188,0.251,0.0232,0.7259,0.6765,0.0396,0.2839,0,23,76917
2020-10-01,2162,2162,0,135,35,279,80,86,21,0,211,0.2704,0.066,0.6635,0.7048,0.0342,0.2609,0,23,77307
2020-10-02,2169,2169,0,117,28,257,78,65,2,0,138,0.3171,0.0098,0.6732,0.7064,0.0436,0.25,0,23,77581
2020-10-03,2172,2172,0,42,8,255,80,4,3,0,6,0.3077,0.2308,0.4615,0.8305,0.0678,0.1017,0,23,77611
2020-10-04,2174,2174,0,36,8,252,78,5,1,0,18,0.2083,0.0417,0.75,0.7129,0.0297,0.2574,0,23,77650
2020-10-05,2181,2181,0,118,25,247,75,33,8,0,115,0.2115,0.0513,0.7372,0.6841,0.0508,0.2651,0,23,77857
2020-10-06,2190,2190,0,109,26,240,71,87,8,0,16,0.7838,0.0721,0.1441,0.8856,0.0511,0.0634,0,23,78035
2020-10-07,2194,2194,0,108,16,239,70,26,1,0,34,0.4262,0.0164,0.5574,0.8992,0.0174,0.0833,0,23,78150
2020-10-08,2199,2199,0,110,19,229,67,39,6,0,63,0.3611,0.0556,0.5833,0.805,0.055,0.14,0,23,78293
2020-10-09,2205,2205,0,115,27,235,70,35,1,0,127,0.2147,0.0061,0.7791,0.7211,0.0231,0.2558,0,25,78511
2020-10-10,2206,2206,0,55,9,238,75,7,0,0,7,0.5,0,0.5,0.8857,0.0143,0.1,0,25,78562
2020-10-11,2210,2210,0,36,3,243,73,1,0,0,10,0.0909,0,0.9091,0.7195,0.0122,0.2683,0,25,78591
2020-10-12,2217,2217,0,116,25,246,76,35,6,0,41,0.4268,0.0732,0.5,0.8172,0.0429,0.1399,0,25,78768
2020-10-13,2223,2223,0,131,24,257,75,18,4,0,160,0.0989,0.022,0.8791,0.6571,0.0185,0.3244,0,25,79027
2020-10-14,2228,2228,0,121,22,258,72,21,2,0,114,0.1533,0.0146,0.8321,0.6807,0.0191,0.3002,0,25,79254
2020-10-15,2236,2236,0,119,25,258,70,36,2,0,146,0.1957,0.0109,0.7935,0.6745,0.0337,0.2917,0,25,79509
2020-10-16,2248,2248,0,124,35,266,74,16,5,0,221,0.0661,0.0207,0.9132,0.5891,0.033,0.3779,0,26,79858
2020-10-17,2251,2251,0,47,12,263,72,3,2,0,30,0.0857,0.0571,0.8571,0.6739,0.0362,0.2899,0,26,79909
2020-10-18,2255,2255,0,44,7,262,73,6,0,0,9,0.4,0,0.6,0.8229,0.0104,0.1667,0,26,79929
2020-10-19,2265,2265,0,120,22,255,74,51,0,0,140,0.267,0,0.733,0.6946,0.0017,0.3037,0,26,80208
2020-10-20,2269,2269,0,117,26,248,74,56,0,0,72,0.4375,0,0.5625,0.7984,0.006,0.1956,0,26,80415
2020-10-21,2277,2277,0,125,31,249,76,48,5,0,100,0.3137,0.0327,0.6536,0.729,0.0297,0.2413,0,26,80660
2020-10-22,2286,2286,0,124,33,257,79,44,2,0,93,0.3165,0.0144,0.6691,0.7705,0.0128,0.2167,0,26,80923
2020-10-23,2293,2293,0,187,29,300,75,104,0,0,76,0.5778,0,0.4222,0.8897,0.0023,0.108,0,26,81173
2020-10-24,2293,2293,0,57,4,310,75,5,0,0,1,0.8333,0,0.1667,0.9632,0.0074,0.0294,0,26,81191
2020-10-25,2296,2296,0,49,6,313,76,22,0,0,0,1,0,0,0.9597,0.0067,0.0336,0,27,81226
2020-10-26,2302,2302,0,134,24,320,78,34,9,0,93,0.25,0.0662,0.6838,0.7492,0.0143,0.2365,0,27,81461
2020-10-27,2307,2307,0,127,22,328,76,32,0,0,99,0.2443,0,0.7557,0.7149,0.0128,0.2723,0,27,81687
2020-10-28,2312,2312,0,116,26,326,75,15,3,0,109,0.1181,0.0236,0.8583,0.7424,0.0095,0.2481,0,27,81895
2020-10-29,2319,2319,0,129,27,320,74,52,7,0,111,0.3059,0.0412,0.6529,0.7612,0.0497,0.1891,0,27,82145
2020-10-30,2322,2322,0,109,16,274,62,27,2,0,20,0.551,0.0408,0.4082,0.8686,0.0334,0.098,0,28,82257
2020-10-31,2326,2326,0,54,8,269,62,8,0,0,33,0.1951,0,0.8049,0.7628,0.0064,0.2308,0,28,82335
2020-11-01,2327,2327,0,40,3,265,59,3,0,0,0,1,0,0,0.9651,0.0233,0.0116,0,28,82341
2020-11-02,2330,2330,0,103,16,261,58,25,0,0,25,0.5,0,0.5,0.8802,0.0026,0.1172,0,28,82443
2020-11-03,2341,2341,0,115,27,251,65,63,0,0,234,0.2121,0,0.7879,0.6496,0.0027,0.3477,0,28,82807
2020-11-04,2352,2352,0,124,31,261,70,53,8,0,130,0.2775,0.0419,0.6806,0.7068,0.0329,0.2603,0,29,83089
2020-11-05,2363,2363,0,127,32,257,70,45,61,0,151,0.1751,0.2374,0.5875,0.555,0.2366,0.2084,0,29,83445
2020-11-06,2370,2370,0,104,21,250,75,24,1,0,53,0.3077,0.0128,0.6795,0.8186,0.0098,0.1716,0,29,83587
2020-11-07,2372,2372,0,40,7,249,75,7,1,0,0,0.875,0.125,0,0.9333,0.0333,0.0333,0,29,83609
2020-11-08,2373,2373,0,46,7,249,73,8,0,0,0,1,0,0,0.95,0.025,0.025,0,29,83624
2020-11-09,2379,2379,0,109,13,246,73,7,0,0,64,0.0986,0,0.9014,0.7547,0.0094,0.2358,0,29,83771
2020-11-10,2386,2386,0,102,25,247,75,15,0,0,99,0.1316,0,0.8684,0.7332,0.007,0.2599,0,29,83965
2020-11-11,2391,2391,0,98,20,239,71,16,39,0,41,0.1667,0.4063,0.4271,0.7897,0.088,0.1222,0,29,84117
2020-11-12,2400,2400,0,113,18,239,63,16,1,0,37,0.2963,0.0185,0.6852,0.8476,0.0321,0.1203,0,29,84251
2020-11-13,2406,2406,0,104,20,236,64,33,4,0,62,0.3333,0.0404,0.6263,0.8005,0.0259,0.1736,0,29,84501
2020-11-14,2407,2407,0,46,8,232,61,17,0,0,34,0.3333,0,0.6667,0.7904,0.024,0.1856,0,29,84501
2020-11-15,2409,2409,0,39,5,236,57,4,0,0,6,0.4,0,0.6,0.8846,0.0096,0.1058,0,29,84501
2020-11-16,2415,2415,0,119,24,232,60,44,0,0,117,0.2733,0,0.7267,0.7709,0.0016,0.2275,0,29,84713
2020-11-17,2418,2418,0,113,35,233,62,39,3,0,169,0.1848,0.0142,0.8009,0.6923,0.0271,0.2805,0,29,84983
2020-11-18,2427,2427,0,125,28,241,60,47,0,0,187,0.2009,0,0.7991,0.6703,0.0093,0.3204,0,29,85274
2020-11-19,2430,2430,0,123,25,239,63,27,5,0,83,0.2348,0.0435,0.7217,0.7243,0.0765,0.1992,0,29,85442
2020-11-20,2439,2439,0,109,30,235,68,66,2,0,67,0.4889,0.0148,0.4963,0.8417,0.0243,0.1339,0,29,85619
2020-11-21,2439,2439,0,46,6,236,67,11,1,0,1,0.8462,0.0769,0.0769,0.8017,0.1736,0.0248,0,29,85644
2020-11-22,2442,2442,0,52,5,237,69,5,0,0,2,0.7143,0,0.2857,0.9704,0,0.0296,0,29,85656
2020-11-23,2446,2446,0,113,19,241,75,27,0,0,40,0.403,0,0.597,0.8602,0.012,0.1277,0,29,85779
2020-11-24,2450,2450,0,122,25,250,76,58,3,0,39,0.58,0.03,0.39,0.8745,0.0225,0.103,0,29,85941
